Workbook

Sheet 1-133
A1: 001-000133--Lite Block Totes 160/6 lb | F1: Ttl. Tts. | G1: =B64+L64+V64+AF64+AP64+AZ64+BJ64 -> 0 | H1: Ttl. Wt. | I1: =D64+N64+X64+AH64+AR64+BB64+BL64 -> 0 | L1: 001-000133--Lite Block Totes 160/6 lb | V1: 001-000133--Lite Block Totes 160/6 lb | AF1: 001-000133--Lite Block Totes 160/6 lb | AP1: 001-000133--Lite Block Totes 160/6 lb | AZ1: 001-000133--Lite Block Totes 160/6 lb | BJ1: 001-000133--Lite Block Totes 160/6 lb
B2: Date= | H2: Firmness F=Firm S=Soft | I2: Delvicid Used Y/N | L2: Date= | R2: Firmness F=Firm S=Soft | S2: Delvicid Used Y/N | V2: Date= | AB2: Firmness F=Firm S=Soft | AC2: Delvicid Used Y/N | AF2: Date= | AL2: Firmness F=Firm S=Soft | AM2: Delvicid Used Y/N | AP2: Date= | AV2: Firmness F=Firm S=Soft | AW2: Delvicid Used Y/N | AZ2: Date= | BF2: Firmness F=Firm S=Soft | BG2: Delvicid Used Y/N | BJ2: Date= | BP2: Firmness F=Firm S=Soft | BQ2: Delvicid Used Y/N
B3: Tote/ Skid # | C3: Number of Pieces | D3: Bin Weight | E3: Time Started | F3: Temp | G3: Bin Seal Grade | J3: Int. | L3: Tote/ Skid # | M3: Number of Pieces | N3: Bin Weight | O3: Time Started | P3: Temp | Q3: Bin Seal Grade | T3: Int. | V3: Tote/ Skid # | W3: Number of Pieces | X3: Bin Weight | Y3: Time Started | Z3: Temp | AA3: Bin Seal Grade | AD3: Int. | AF3: Tote/ Skid # | AG3: Number of Pieces | AH3: Bin Weight | AI3: Time Started | AJ3: Temp | AK3: Bin Seal Grade | AN3: Int. | AP3: Tote/ Skid # | AQ3: Number of Pieces | AR3: Bin Weight | AS3: Time Started | AT3: Temp | AU3: Bin Seal Grade | AX3: Int. | AZ3: Tote/ Skid # | BA3: Number of Pieces | BB3: Bin Weight | BC3: Time Started | BD3: Temp | BE3: Bin Seal Grade | BH3: Int. | BJ3: Tote/ Skid # | BK3: Number of Pieces | BL3: Bin Weight | BM3: Time Started | BN3: Temp | BO3: Bin Seal Grade | BR3: Int.
A4: 1 | K4: 1 | U4: 1 | AE4: 1 | AO4: 1 | AY4: 1 | BI4: 1
A5: 2 | K5: 2 | U5: 2 | AE5: 2 | AO5: 2 | AY5: 2 | BI5: 2
A6: 3 | K6: 3 | U6: 3 | AE6: 3 | AO6: 3 | AY6: 3 | BI6: 3
A7: 4 | K7: 4 | U7: 4 | AE7: 4 | AO7: 4 | AY7: 4 | BI7: 4
A8: 5 | K8: 5 | U8: 5 | AE8: 5 | AO8: 5 | AY8: 5 | BI8: 5
A9: 6 | K9: 6 | U9: 6 | AE9: 6 | AO9: 6 | AY9: 6 | BI9: 6
A10: 7 | K10: 7 | U10: 7 | AE10: 7 | AO10: 7 | AY10: 7 | BI10: 7
A11: 8 | K11: 8 | U11: 8 | AE11: 8 | AO11: 8 | AY11: 8 | BI11: 8
A12: 9 | K12: 9 | U12: 9 | AE12: 9 | AO12: 9 | AY12: 9 | BI12: 9
A13: 10 | K13: 10 | U13: 10 | AE13: 10 | AO13: 10 | AY13: 10 | BI13: 10
A14: 11 | K14: 11 | U14: 11 | AE14: 11 | AO14: 11 | AY14: 11 | BI14: 11
A15: 12 | K15: 12 | U15: 12 | AE15: 12 | AO15: 12 | AY15: 12 | BI15: 12
... A63: 60 | K63: 60 | U63: 60 | AE63: 60 | AO63: 60 | AY63: 60 | BI63: 60
B64: =COUNTA(B4:B63) -> 0 | D64: =SUM(D4:D63) -> 0 | L64: =COUNTA(L4:L63) -> 0 | N64: =SUM(N4:N63) -> 0 | V64: =COUNTA(V4:V63) -> 0 | X64: =SUM(X4:X63) -> 0 | AF64: =COUNTA(AF4:AF63) -> 0 | AH64: =SUM(AH4:AH63) -> 0 | AP64: =COUNTA(AP4:AP63) -> 0 | AR64: =SUM(AR4:AR63) -> 0 | AZ64: =COUNTA(AZ4:AZ63) -> 0 | BB64: =SUM(BB4:BB63) -> 0 | BJ64: =COUNTA(BJ4:BJ63) -> 0 | BL64: =SUM(BL4:BL63) -> 0
B65: Total Bins of Date | D65: Total Weight of Date | L65: Total Bins of Date | N65: Total Weight of Date | V65: Total Bins of Date | X65: Total Weight of Date | AF65: Total Bins of Date | AH65: Total Weight of Date | AP65: Total Bins of Date | AR65: Total Weight of Date | AZ65: Total Bins of Date | BB65: Total Weight of Date | BJ65: Total Bins of Date | BL65: Total Weight of Date

Sheet 1-169
A1: 001-000169-Part Skim Block Totes 160/6 lb | F1: Ttl. Tts. | G1: =B64+L64+V64+AP64+AZ64+BJ64+BT64+CD64+CN64+CX64+DH64+DR64+AF64 -> 0 | H1: Ttl. Wt. | I1: =D64+N64+X64+AH64+AR64+BB64+BL64+BV64+CF64+CP64+CZ64+DJ64+DT64 -> 0 | L1: 001-000169--Part Skim Block Totes 160/6 lb | V1: 001-000169--Part Skim Block Totes 160/6 lb | AF1: 001-000169--Part Skim Block Totes 160/6 lb | AP1: 001-000169--Part Skim Block Totes 160/6 lb | AZ1: 001-000169--Part Skim Block Totes 160/6 lb | BJ1: 001-000169--Part Skim Block Totes 160/6 lb | BT1: 001-000169--Part Skim Block Totes 160/6 lb | CD1: 001-000169--Part Skim Block Totes 160/6 lb | CN1: 001-000169--Part Skim Block Totes 160/6 lb | CX1: 001-000169--Part Skim Block Totes 160/6 lb | DH1: 001-000169--Part Skim Block Totes 160/6 lb | DR1: 001-000169--Part Skim Block Totes 160/6 lb
B2: Date= | H2: Firmness F=Firm S=Soft | I2: Delvicid Used Y/N | L2: Date= | R2: Firmness F=Firm S=Soft | S2: Delvicid Used Y/N | V2: Date= | AB2: Firmness F=Firm S=Soft | AC2: Delvicid Used Y/N | AF2: Date= | AL2: Firmness F=Firm S=Soft | AM2: Delvicid Used Y/N | AP2: Date= | AV2: Firmness F=Firm S=Soft | AW2: Delvicid Used Y/N | AZ2: Date= | BF2: Firmness F=Firm S=Soft | BG2: Delvicid Used Y/N | BJ2: Date= | BP2: Firmness F=Firm S=Soft | BQ2: Delvicid Used Y/N | BT2: Date= | BZ2: Firmness F=Firm S=Soft | CA2: Delvicid Used Y/N | CD2: Date= | CJ2: Firmness F=Firm S=Soft | CK2: Delvicid Used Y/N | CN2: Date= | CT2: Firmness F=Firm S=Soft | CU2: Delvicid Used Y/N | CX2: Date= | DD2: Firmness F=Firm S=Soft | DE2: Delvicid Used Y/N | DH2: Date= | DN2: Firmness F=Firm S=Soft | DO2: Delvicid Used Y/N | DR2: Date= | DX2: Firmness F=Firm S=Soft | DY2: Delvicid Used Y/N
B3: Tote/ Skid # | C3: Number of Pieces | D3: Bin Weight | E3: Time Started | F3: Temp | G3: Bin Seal Grade | J3: Int. | L3: Tote/ Skid # | M3: Number of Pieces | N3: Bin Weight | O3: Time Started | P3: Temp | Q3: Bin Seal Grade | T3: Int. | V3: Tote/ Skid # | W3: Number of Pieces | X3: Bin Weight | Y3: Time Started | Z3: Temp | AA3: Bin Seal Grade | AD3: Int. | AF3: Tote/ Skid # | AG3: Number of Pieces | AH3: Bin Weight | AI3: Time Started | AJ3: Temp | AK3: Bin Seal Grade | AN3: Int. | AP3: Tote/ Skid # | AQ3: Number of Pieces | AR3: Bin Weight | AS3: Time Started | AT3: Temp | AU3: Bin Seal Grade | AX3: Int. | AZ3: Tote/ Skid # | BA3: Number of Pieces | BB3: Bin Weight | BC3: Time Started | BD3: Temp | BE3: Bin Seal Grade | BH3: Int. | BJ3: Tote/ Skid # | BK3: Number of Pieces | BL3: Bin Weight | BM3: Time Started | BN3: Temp | BO3: Bin Seal Grade | BR3: Int. | BT3: Tote/ Skid # | BU3: Number of Pieces | BV3: Bin Weight | BW3: Time Started | BX3: Temp | BY3: Bin Seal Grade | CB3: Int. | CD3: Tote/ Skid # | CE3: Number of Pieces | CF3: Bin Weight | CG3: Time Started | CH3: Temp | CI3: Bin Seal Grade | CL3: Int. | CN3: Tote/ Skid # | CO3: Number of Pieces | CP3: Bin Weight | CQ3: Time Started | CR3: Temp | CS3: Bin Seal Grade | CV3: Int. | CX3: Tote/ Skid # | CY3: Number of Pieces | CZ3: Bin Weight | DA3: Time Started | DB3: Temp | DC3: Bin Seal Grade | DF3: Int. | DH3: Tote/ Skid # | DI3: Number of Pieces | DJ3: Bin Weight | DK3: Time Started | DL3: Temp | DM3: Bin Seal Grade | DP3: Int. | DR3: Tote/ Skid # | DS3: Number of Pieces | DT3: Bin Weight | DU3: Time Started | DV3: Temp | DW3: Bin Seal Grade | DZ3: Int.
A4: 1 | K4: 1 | U4: 1 | AE4: 1 | AO4: 1 | AY4: 1 | BI4: 1 | BS4: 1 | CC4: 1 | CM4: 1 | CW4: 1 | DG4: 1 | DQ4: 1
A5: 2 | K5: 2 | U5: 2 | AE5: 2 | AO5: 2 | AY5: 2 | BI5: 2 | BS5: 2 | CC5: 2 | CM5: 2 | CW5: 2 | DG5: 2 | DQ5: 2
A6: 3 | K6: 3 | U6: 3 | AE6: 3 | AO6: 3 | AY6: 3 | BI6: 3 | BS6: 3 | CC6: 3 | CM6: 3 | CW6: 3 | DG6: 3 | DQ6: 3
A7: 4 | K7: 4 | U7: 4 | AE7: 4 | AO7: 4 | AY7: 4 | BI7: 4 | BS7: 4 | CC7: 4 | CM7: 4 | CW7: 4 | DG7: 4 | DQ7: 4
A8: 5 | K8: 5 | U8: 5 | AE8: 5 | AO8: 5 | AY8: 5 | BI8: 5 | BS8: 5 | CC8: 5 | CM8: 5 | CW8: 5 | DG8: 5 | DQ8: 5
A9: 6 | K9: 6 | U9: 6 | AE9: 6 | AO9: 6 | AY9: 6 | BI9: 6 | BS9: 6 | CC9: 6 | CM9: 6 | CW9: 6 | DG9: 6 | DQ9: 6
A10: 7 | K10: 7 | U10: 7 | AE10: 7 | AO10: 7 | AY10: 7 | BI10: 7 | BS10: 7 | CC10: 7 | CM10: 7 | CW10: 7 | DG10: 7 | DQ10: 7
A11: 8 | K11: 8 | U11: 8 | AE11: 8 | AO11: 8 | AY11: 8 | BI11: 8 | BS11: 8 | CC11: 8 | CM11: 8 | CW11: 8 | DG11: 8 | DQ11: 8
A12: 9 | K12: 9 | U12: 9 | AE12: 9 | AO12: 9 | AY12: 9 | BI12: 9 | BS12: 9 | CC12: 9 | CM12: 9 | CW12: 9 | DG12: 9 | DQ12: 9
A13: 10 | K13: 10 | U13: 10 | AE13: 10 | AO13: 10 | AY13: 10 | BI13: 10 | BS13: 10 | CC13: 10 | CM13: 10 | CW13: 10 | DG13: 10 | DQ13: 10
A14: 11 | K14: 11 | U14: 11 | AE14: 11 | AO14: 11 | AY14: 11 | BI14: 11 | BS14: 11 | CC14: 11 | CM14: 11 | CW14: 11 | DG14: 11 | DQ14: 11
A15: 12 | K15: 12 | U15: 12 | AE15: 12 | AO15: 12 | AY15: 12 | BI15: 12 | BS15: 12 | CC15: 12 | CM15: 12 | CW15: 12 | DG15: 12 | DQ15: 12
... A63: 60 | K63: 60 | U63: 60 | AE63: 60 | AO63: 60 | AY63: 60 | BI63: 60 | BS63: 60 | CC63: 60 | CM63: 60 | CW63: 60 | DG63: 60 | DQ63: 60
B64: =COUNTA(B4:B63) -> 0 | D64: =SUM(D4:D63) -> 0 | L64: =COUNTA(L4:L63) -> 0 | N64: =SUM(N4:N63) -> 0 | V64: =COUNTA(V4:V63) -> 0 | X64: =SUM(X4:X63) -> 0 | AF64: =COUNTA(AF4:AF63) -> 0 | AH64: =SUM(AH4:AH63) -> 0 | AP64: =COUNTA(AP4:AP63) -> 0 | AR64: =SUM(AR4:AR63) -> 0 | AZ64: =COUNTA(AZ4:AZ63) -> 0 | BB64: =SUM(BB4:BB63) -> 0 | BJ64: =COUNTA(BJ4:BJ63) -> 0 | BL64: =SUM(BL4:BL63) -> 0 | BT64: =COUNTA(BT4:BT63) -> 0 | BV64: =SUM(BV4:BV63) -> 0 | CD64: =COUNTA(CD4:CD63) -> 0 | CF64: =SUM(CF4:CF63) -> 0 | CN64: =COUNTA(CN4:CN63) -> 0 | CP64: =SUM(CP4:CP63) -> 0 | CX64: =COUNTA(CX4:CX63) -> 0 | CZ64: =SUM(CZ4:CZ63) -> 0 | DH64: =COUNTA(DH4:DH63) -> 0 | DJ64: =SUM(DJ4:DJ63) -> 0 | DR64: =COUNTA(DR4:DR63) -> 0 | DT64: =SUM(DT4:DT63) -> 0
B65: Total Bins of Date | D65: Total Weight of Date | L65: Total Bins of Date | N65: Total Weight of Date | V65: Total Bins of Date | X65: Total Weight of Date | AF65: Total Bins of Date | AH65: Total Weight of Date | AP65: Total Bins of Date | AR65: Total Weight of Date | AZ65: Total Bins of Date | BB65: Total Weight of Date | BJ65: Total Bins of Date | BL65: Total Weight of Date | BT65: Total Bins of Date | BV65: Total Weight of Date | CD65: Total Bins of Date | CF65: Total Weight of Date | CN65: Total Bins of Date | CP65: Total Weight of Date | CX65: Total Bins of Date | CZ65: Total Weight of Date | DH65: Total Bins of Date | DJ65: Total Weight of Date | DR65: Total Bins of Date | DT65: Total Weight of Date

Sheet 1-195
A1: 001-000195--Organic Block Totes 160/6 lb | F1: Ttl. Tts. | G1: =B64+L64+V64+AF64+AP64+AZ64+BJ64 -> 0 | H1: Ttl. Wt. | I1: =D64+N64+X64+AH64+AR64+BB64+BL64 -> 0 | L1: 001-000195--Organic Block Totes 160/6 lb | V1: 001-000195--Organic Block Totes 160/6 lb | AF1: 001-000195--Organic Block Totes 160/6 lb | AP1: 001-000195--Organic Block Totes 160/6 lb | AZ1: 001-000195--Organic Block Totes 160/6 lb | BJ1: 001-000195--Organic Block Totes 160/6 lb
B2: Date= | H2: Firmness F=Firm S=Soft | I2: Delvicid Used Y/N | L2: Date= | R2: Firmness F=Firm S=Soft | S2: Delvicid Used Y/N | V2: Date= | AB2: Firmness F=Firm S=Soft | AC2: Delvicid Used Y/N | AF2: Date= | AL2: Firmness F=Firm S=Soft | AM2: Delvicid Used Y/N | AP2: Date= | AV2: Firmness F=Firm S=Soft | AW2: Delvicid Used Y/N | AZ2: Date= | BF2: Firmness F=Firm S=Soft | BG2: Delvicid Used Y/N | BJ2: Date= | BP2: Firmness F=Firm S=Soft | BQ2: Delvicid Used Y/N
B3: Tote/ Skid # | C3: Number of Pieces | D3: Bin Weight | E3: Time Started | F3: Temp | G3: Bin Seal Grade | J3: Int. | L3: Tote/ Skid # | M3: Number of Pieces | N3: Bin Weight | O3: Time Started | P3: Temp | Q3: Bin Seal Grade | T3: Int. | V3: Tote/ Skid # | W3: Number of Pieces | X3: Bin Weight | Y3: Time Started | Z3: Temp | AA3: Bin Seal Grade | AD3: Int. | AF3: Tote/ Skid # | AG3: Number of Pieces | AH3: Bin Weight | AI3: Time Started | AJ3: Temp | AK3: Bin Seal Grade | AN3: Int. | AP3: Tote/ Skid # | AQ3: Number of Pieces | AR3: Bin Weight | AS3: Time Started | AT3: Temp | AU3: Bin Seal Grade | AX3: Int. | AZ3: Tote/ Skid # | BA3: Number of Pieces | BB3: Bin Weight | BC3: Time Started | BD3: Temp | BE3: Bin Seal Grade | BH3: Int. | BJ3: Tote/ Skid # | BK3: Number of Pieces | BL3: Bin Weight | BM3: Time Started | BN3: Temp | BO3: Bin Seal Grade | BR3: Int.
A4: 1 | K4: 1 | U4: 1 | AE4: 1 | AO4: 1 | AY4: 1 | BI4: 1
A5: 2 | K5: 2 | U5: 2 | AE5: 2 | AO5: 2 | AY5: 2 | BI5: 2
A6: 3 | K6: 3 | U6: 3 | AE6: 3 | AO6: 3 | AY6: 3 | BI6: 3
A7: 4 | K7: 4 | U7: 4 | AE7: 4 | AO7: 4 | AY7: 4 | BI7: 4
A8: 5 | K8: 5 | U8: 5 | AE8: 5 | AO8: 5 | AY8: 5 | BI8: 5
A9: 6 | K9: 6 | U9: 6 | AE9: 6 | AO9: 6 | AY9: 6 | BI9: 6
A10: 7 | K10: 7 | U10: 7 | AE10: 7 | AO10: 7 | AY10: 7 | BI10: 7
A11: 8 | K11: 8 | U11: 8 | AE11: 8 | AO11: 8 | AY11: 8 | BI11: 8
A12: 9 | K12: 9 | U12: 9 | AE12: 9 | AO12: 9 | AY12: 9 | BI12: 9
A13: 10 | K13: 10 | U13: 10 | AE13: 10 | AO13: 10 | AY13: 10 | BI13: 10
A14: 11 | K14: 11 | U14: 11 | AE14: 11 | AO14: 11 | AY14: 11 | BI14: 11
A15: 12 | K15: 12 | U15: 12 | AE15: 12 | AO15: 12 | AY15: 12 | BI15: 12
... A63: 60 | K63: 60 | U63: 60 | AE63: 60 | AO63: 60 | AY63: 60 | BI63: 60
B64: =COUNTA(B4:B63) -> 0 | D64: =SUM(D4:D63) -> 0 | L64: =COUNTA(L4:L63) -> 0 | N64: =SUM(N4:N63) -> 0 | V64: =COUNTA(V4:V63) -> 0 | X64: =SUM(X4:X63) -> 0 | AF64: =COUNTA(AF4:AF63) -> 0 | AH64: =SUM(AH4:AH63) -> 0 | AP64: =COUNTA(AP4:AP63) -> 0 | AR64: =SUM(AR4:AR63) -> 0 | AZ64: =COUNTA(AZ4:AZ63) -> 0 | BB64: =SUM(BB4:BB63) -> 0 | BJ64: =COUNTA(BJ4:BJ63) -> 0 | BL64: =SUM(BL4:BL63) -> 0
B65: Total Bins of Date | D65: Total Weight of Date | L65: Total Bins of Date | N65: Total Weight of Date | V65: Total Bins of Date | X65: Total Weight of Date | AF65: Total Bins of Date | AH65: Total Weight of Date | AP65: Total Bins of Date | AR65: Total Weight of Date | AZ65: Total Bins of Date | BB65: Total Weight of Date | BJ65: Total Bins of Date | BL65: Total Weight of Date

Sheet 1-229
A1: 001-000229--Provolone Block Totes 160/6 lb | F1: Ttl. Tts. | G1: =B64+L64+V64+AF64+AP64+AZ64+BJ64 -> 0 | H1: Ttl. Wt. | I1: =D64+N64+X64+AH64+AR64+BB64+BL64 -> 0 | L1: 001-000229--Provolone Block Totes 160/6 lb | V1: 001-000229--Provolone Block Totes 160/6 lb | AF1: 001-000229--Provolone Block Totes 160/6 lb | AP1: 001-000229--Provolone Block Totes 160/6 lb | AZ1: 001-000229--Provolone Block Totes 160/6 lb | BJ1: 001-000229--Provolone Block Totes 160/6 lb
B2: Date= | H2: Firmness F=Firm S=Soft | I2: Delvicid Used Y/N | L2: Date= | R2: Firmness F=Firm S=Soft | S2: Delvicid Used Y/N | V2: Date= | AB2: Firmness F=Firm S=Soft | AC2: Delvicid Used Y/N | AF2: Date= | AL2: Firmness F=Firm S=Soft | AM2: Delvicid Used Y/N | AP2: Date= | AV2: Firmness F=Firm S=Soft | AW2: Delvicid Used Y/N | AZ2: Date= | BF2: Firmness F=Firm S=Soft | BG2: Delvicid Used Y/N | BJ2: Date= | BP2: Firmness F=Firm S=Soft | BQ2: Delvicid Used Y/N
B3: Tote/ Skid # | C3: Number of Pieces | D3: Bin Weight | E3: Time Started | F3: Temp | G3: Bin Seal Grade | J3: Int. | L3: Tote/ Skid # | M3: Number of Pieces | N3: Bin Weight | O3: Time Started | P3: Temp | Q3: Bin Seal Grade | T3: Int. | V3: Tote/ Skid # | W3: Number of Pieces | X3: Bin Weight | Y3: Time Started | Z3: Temp | AA3: Bin Seal Grade | AD3: Int. | AF3: Tote/ Skid # | AG3: Number of Pieces | AH3: Bin Weight | AI3: Time Started | AJ3: Temp | AK3: Bin Seal Grade | AN3: Int. | AP3: Tote/ Skid # | AQ3: Number of Pieces | AR3: Bin Weight | AS3: Time Started | AT3: Temp | AU3: Bin Seal Grade | AX3: Int. | AZ3: Tote/ Skid # | BA3: Number of Pieces | BB3: Bin Weight | BC3: Time Started | BD3: Temp | BE3: Bin Seal Grade | BH3: Int. | BJ3: Tote/ Skid # | BK3: Number of Pieces | BL3: Bin Weight | BM3: Time Started | BN3: Temp | BO3: Bin Seal Grade | BR3: Int.
A4: 1 | K4: 1 | U4: 1 | AE4: 1 | AO4: 1 | AY4: 1 | BI4: 1
A5: 2 | K5: 2 | U5: 2 | AE5: 2 | AO5: 2 | AY5: 2 | BI5: 2
A6: 3 | K6: 3 | U6: 3 | AE6: 3 | AO6: 3 | AY6: 3 | BI6: 3
A7: 4 | K7: 4 | U7: 4 | AE7: 4 | AO7: 4 | AY7: 4 | BI7: 4
A8: 5 | K8: 5 | U8: 5 | AE8: 5 | AO8: 5 | AY8: 5 | BI8: 5
A9: 6 | K9: 6 | U9: 6 | AE9: 6 | AO9: 6 | AY9: 6 | BI9: 6
A10: 7 | K10: 7 | U10: 7 | AE10: 7 | AO10: 7 | AY10: 7 | BI10: 7
A11: 8 | K11: 8 | U11: 8 | AE11: 8 | AO11: 8 | AY11: 8 | BI11: 8
A12: 9 | K12: 9 | U12: 9 | AE12: 9 | AO12: 9 | AY12: 9 | BI12: 9
A13: 10 | K13: 10 | U13: 10 | AE13: 10 | AO13: 10 | AY13: 10 | BI13: 10
A14: 11 | K14: 11 | U14: 11 | AE14: 11 | AO14: 11 | AY14: 11 | BI14: 11
A15: 12 | K15: 12 | U15: 12 | AE15: 12 | AO15: 12 | AY15: 12 | BI15: 12
... A63: 60 | K63: 60 | U63: 60 | AE63: 60 | AO63: 60 | AY63: 60 | BI63: 60
B64: =COUNTA(B4:B63) -> 0 | D64: =SUM(D4:D63) -> 0 | L64: =COUNTA(L4:L63) -> 0 | N64: =SUM(N4:N63) -> 0 | V64: =COUNTA(V4:V63) -> 0 | X64: =SUM(X4:X63) -> 0 | AF64: =COUNTA(AF4:AF63) -> 0 | AH64: =SUM(AH4:AH63) -> 0 | AP64: =COUNTA(AP4:AP63) -> 0 | AR64: =SUM(AR4:AR63) -> 0 | AZ64: =COUNTA(AZ4:AZ63) -> 0 | BB64: =SUM(BB4:BB63) -> 0 | BJ64: =COUNTA(BJ4:BJ63) -> 0 | BL64: =SUM(BL4:BL63) -> 0
B65: Total Bins of Date | D65: Total Weight of Date | L65: Total Bins of Date | N65: Total Weight of Date | V65: Total Bins of Date | X65: Total Weight of Date | AF65: Total Bins of Date | AH65: Total Weight of Date | AP65: Total Bins of Date | AR65: Total Weight of Date | AZ65: Total Bins of Date | BB65: Total Weight of Date | BJ65: Total Bins of Date | BL65: Total Weight of Date

Sheet 1-360
A1: 001-000360-Red Fat Block Totes 160/6 lb | F1: Ttl. Tts. | G1: =B64+L64+V64+AF64+AP64+AZ64+BJ64 -> 0 | H1: Ttl. Wt. | I1: =D64+N64+X64+AH64+AR64+BB64+BL64 -> 0 | L1: 001-000360--Red Fat Block Totes 160/6 lb | V1: 001-000360--Red Fat Block Totes 160/6 lb | AF1: 001-000360--Red Fat Block Totes 160/6 lb | AP1: 001-000360--Red Fat Block Totes 160/6 lb | AZ1: 001-000360--Red Fat Block Totes 160/6 lb | BJ1: 001-000360--Red Fat Block Totes 160/6 lb
B2: Date= | H2: Firmness F=Firm S=Soft | I2: Delvicid Used Y/N | L2: Date= | R2: Firmness F=Firm S=Soft | S2: Delvicid Used Y/N | V2: Date= | AB2: Firmness F=Firm S=Soft | AC2: Delvicid Used Y/N | AF2: Date= | AL2: Firmness F=Firm S=Soft | AM2: Delvicid Used Y/N | AP2: Date= | AV2: Firmness F=Firm S=Soft | AW2: Delvicid Used Y/N | AZ2: Date= | BF2: Firmness F=Firm S=Soft | BG2: Delvicid Used Y/N | BJ2: Date= | BP2: Firmness F=Firm S=Soft | BQ2: Delvicid Used Y/N
B3: Tote/ Skid # | C3: Number of Pieces | D3: Bin Weight | E3: Time Started | F3: Temp | G3: Bin Seal Grade | J3: Int. | L3: Tote/ Skid # | M3: Number of Pieces | N3: Bin Weight | O3: Time Started | P3: Temp | Q3: Bin Seal Grade | T3: Int. | V3: Tote/ Skid # | W3: Number of Pieces | X3: Bin Weight | Y3: Time Started | Z3: Temp | AA3: Bin Seal Grade | AD3: Int. | AF3: Tote/ Skid # | AG3: Number of Pieces | AH3: Bin Weight | AI3: Time Started | AJ3: Temp | AK3: Bin Seal Grade | AN3: Int. | AP3: Tote/ Skid # | AQ3: Number of Pieces | AR3: Bin Weight | AS3: Time Started | AT3: Temp | AU3: Bin Seal Grade | AX3: Int. | AZ3: Tote/ Skid # | BA3: Number of Pieces | BB3: Bin Weight | BC3: Time Started | BD3: Temp | BE3: Bin Seal Grade | BH3: Int. | BJ3: Tote/ Skid # | BK3: Number of Pieces | BL3: Bin Weight | BM3: Time Started | BN3: Temp | BO3: Bin Seal Grade | BR3: Int.
A4: 1 | K4: 1 | U4: 1 | AE4: 1 | AO4: 1 | AY4: 1 | BI4: 1
A5: 2 | K5: 2 | U5: 2 | AE5: 2 | AO5: 2 | AY5: 2 | BI5: 2
A6: 3 | K6: 3 | U6: 3 | AE6: 3 | AO6: 3 | AY6: 3 | BI6: 3
A7: 4 | K7: 4 | U7: 4 | AE7: 4 | AO7: 4 | AY7: 4 | BI7: 4
A8: 5 | K8: 5 | U8: 5 | AE8: 5 | AO8: 5 | AY8: 5 | BI8: 5
A9: 6 | K9: 6 | U9: 6 | AE9: 6 | AO9: 6 | AY9: 6 | BI9: 6
A10: 7 | K10: 7 | U10: 7 | AE10: 7 | AO10: 7 | AY10: 7 | BI10: 7
A11: 8 | K11: 8 | U11: 8 | AE11: 8 | AO11: 8 | AY11: 8 | BI11: 8
A12: 9 | K12: 9 | U12: 9 | AE12: 9 | AO12: 9 | AY12: 9 | BI12: 9
A13: 10 | K13: 10 | U13: 10 | AE13: 10 | AO13: 10 | AY13: 10 | BI13: 10
A14: 11 | K14: 11 | U14: 11 | AE14: 11 | AO14: 11 | AY14: 11 | BI14: 11
A15: 12 | K15: 12 | U15: 12 | AE15: 12 | AO15: 12 | AY15: 12 | BI15: 12
... A63: 60 | K63: 60 | U63: 60 | AE63: 60 | AO63: 60 | AY63: 60 | BI63: 60
B64: =COUNTA(B4:B63) -> 0 | D64: =SUM(D4:D63) -> 0 | L64: =COUNTA(L4:L63) -> 0 | N64: =SUM(N4:N63) -> 0 | V64: =COUNTA(V4:V63) -> 0 | X64: =SUM(X4:X63) -> 0 | AF64: =COUNTA(AF4:AF63) -> 0 | AH64: =SUM(AH4:AH63) -> 0 | AP64: =COUNTA(AP4:AP63) -> 0 | AR64: =SUM(AR4:AR63) -> 0 | AZ64: =COUNTA(AZ4:AZ63) -> 0 | BB64: =SUM(BB4:BB63) -> 0 | BJ64: =COUNTA(BJ4:BJ63) -> 0 | BL64: =SUM(BL4:BL63) -> 0
B65: Total Bins of Date | D65: Total Weight of Date | L65: Total Bins of Date | N65: Total Weight of Date | V65: Total Bins of Date | X65: Total Weight of Date | AF65: Total Bins of Date | AH65: Total Weight of Date | AP65: Total Bins of Date | AR65: Total Weight of Date | AZ65: Total Bins of Date | BB65: Total Weight of Date | BJ65: Total Bins of Date | BL65: Total Weight of Date

Sheet 1-455
A1: 001-000455-Nestle Org. Block Totes 160/6 lb | F1: Ttl. Tts. | G1: =B64+L64+V64+AF64+AP64+AZ64+BJ64 -> 0 | H1: Ttl. Wt. | I1: =D64+N64+X64+AH64+AR64+BB64+BL64 -> 0 | L1: 001-000455-Nestle Org. Block Totes 160/6 lb | V1: 001-000455-Nestle Org. Block Totes 160/6 lb | AF1: 001-000455-Nestle Org. Block Totes 160/6 lb | AP1: 001-000455-Nestle Org. Block Totes 160/6 lb | AZ1: 001-000455-Nestle Org. Block Totes 160/6 lb | BJ1: 001-000455-Nestle Org. Block Totes 160/6 lb
B2: Date= | H2: Firmness F=Firm S=Soft | I2: Delvicid Used Y/N | L2: Date= | R2: Firmness F=Firm S=Soft | S2: Delvicid Used Y/N | V2: Date= | AB2: Firmness F=Firm S=Soft | AC2: Delvicid Used Y/N | AF2: Date= | AL2: Firmness F=Firm S=Soft | AM2: Delvicid Used Y/N | AP2: Date= | AV2: Firmness F=Firm S=Soft | AW2: Delvicid Used Y/N | AZ2: Date= | BF2: Firmness F=Firm S=Soft | BG2: Delvicid Used Y/N | BJ2: Date= | BP2: Firmness F=Firm S=Soft | BQ2: Delvicid Used Y/N
B3: Tote/ Skid # | C3: Number of Pieces | D3: Bin Weight | E3: Time Started | F3: Temp | G3: Bin Seal Grade | J3: Int. | L3: Tote/ Skid # | M3: Number of Pieces | N3: Bin Weight | O3: Time Started | P3: Temp | Q3: Bin Seal Grade | T3: Int. | V3: Tote/ Skid # | W3: Number of Pieces | X3: Bin Weight | Y3: Time Started | Z3: Temp | AA3: Bin Seal Grade | AD3: Int. | AF3: Tote/ Skid # | AG3: Number of Pieces | AH3: Bin Weight | AI3: Time Started | AJ3: Temp | AK3: Bin Seal Grade | AN3: Int. | AP3: Tote/ Skid # | AQ3: Number of Pieces | AR3: Bin Weight | AS3: Time Started | AT3: Temp | AU3: Bin Seal Grade | AX3: Int. | AZ3: Tote/ Skid # | BA3: Number of Pieces | BB3: Bin Weight | BC3: Time Started | BD3: Temp | BE3: Bin Seal Grade | BH3: Int. | BJ3: Tote/ Skid # | BK3: Number of Pieces | BL3: Bin Weight | BM3: Time Started | BN3: Temp | BO3: Bin Seal Grade | BR3: Int.
A4: 1 | K4: 1 | U4: 1 | AE4: 1 | AO4: 1 | AY4: 1 | BI4: 1
A5: 2 | K5: 2 | U5: 2 | AE5: 2 | AO5: 2 | AY5: 2 | BI5: 2
A6: 3 | K6: 3 | U6: 3 | AE6: 3 | AO6: 3 | AY6: 3 | BI6: 3
A7: 4 | K7: 4 | U7: 4 | AE7: 4 | AO7: 4 | AY7: 4 | BI7: 4
A8: 5 | K8: 5 | U8: 5 | AE8: 5 | AO8: 5 | AY8: 5 | BI8: 5
A9: 6 | K9: 6 | U9: 6 | AE9: 6 | AO9: 6 | AY9: 6 | BI9: 6
A10: 7 | K10: 7 | U10: 7 | AE10: 7 | AO10: 7 | AY10: 7 | BI10: 7
A11: 8 | K11: 8 | U11: 8 | AE11: 8 | AO11: 8 | AY11: 8 | BI11: 8
A12: 9 | K12: 9 | U12: 9 | AE12: 9 | AO12: 9 | AY12: 9 | BI12: 9
A13: 10 | K13: 10 | U13: 10 | AE13: 10 | AO13: 10 | AY13: 10 | BI13: 10
A14: 11 | K14: 11 | U14: 11 | AE14: 11 | AO14: 11 | AY14: 11 | BI14: 11
A15: 12 | K15: 12 | U15: 12 | AE15: 12 | AO15: 12 | AY15: 12 | BI15: 12
... A63: 60 | K63: 60 | U63: 60 | AE63: 60 | AO63: 60 | AY63: 60 | BI63: 60
B64: =COUNTA(B4:B63) -> 0 | D64: =SUM(D4:D63) -> 0 | L64: =COUNTA(L4:L63) -> 0 | N64: =SUM(N4:N63) -> 0 | V64: =COUNTA(V4:V63) -> 0 | X64: =SUM(X4:X63) -> 0 | AF64: =COUNTA(AF4:AF63) -> 0 | AH64: =SUM(AH4:AH63) -> 0 | AP64: =COUNTA(AP4:AP63) -> 0 | AR64: =SUM(AR4:AR63) -> 0 | AZ64: =COUNTA(AZ4:AZ63) -> 0 | BB64: =SUM(BB4:BB63) -> 0 | BJ64: =COUNTA(BJ4:BJ63) -> 0 | BL64: =SUM(BL4:BL63) -> 0
B65: Total Bins of Date | D65: Total Weight of Date | L65: Total Bins of Date | N65: Total Weight of Date | V65: Total Bins of Date | X65: Total Weight of Date | AF65: Total Bins of Date | AH65: Total Weight of Date | AP65: Total Bins of Date | AR65: Total Weight of Date | AZ65: Total Bins of Date | BB65: Total Weight of Date | BJ65: Total Bins of Date | BL65: Total Weight of Date

Sheet 1-470
A1: 001-000470-RbstFree PS Block Totes 160/6 lb | F1: Ttl. Tts. | G1: =B64+L64+V64+AF64+AP64+AZ64+BJ64 -> 0 | H1: Ttl. Wt. | I1: =D64+N64+X64+AH64+AR64+BB64+BL64 -> 0 | L1: 001-000470-RbstFree PS Block Totes 160/6 lb | V1: 001-000470-RbstFree PS Block Totes 160/6 lb | AF1: 001-000470-RbstFree PS Block Totes 160/6 lb | AP1: 001-000470-RbstFree PS Block Totes 160/6 lb | AZ1: 001-000470-RbstFree PS Block Totes 160/6 lb | BJ1: 001-000470-RbstFree PS Block Totes 160/6 lb
B2: Date= | H2: Firmness F=Firm S=Soft | I2: Delvicid Used Y/N | L2: Date= | R2: Firmness F=Firm S=Soft | S2: Delvicid Used Y/N | V2: Date= | AB2: Firmness F=Firm S=Soft | AC2: Delvicid Used Y/N | AF2: Date= | AL2: Firmness F=Firm S=Soft | AM2: Delvicid Used Y/N | AP2: Date= | AV2: Firmness F=Firm S=Soft | AW2: Delvicid Used Y/N | AZ2: Date= | BF2: Firmness F=Firm S=Soft | BG2: Delvicid Used Y/N | BJ2: Date= | BP2: Firmness F=Firm S=Soft | BQ2: Delvicid Used Y/N
B3: Tote/ Skid # | C3: Number of Pieces | D3: Bin Weight | E3: Time Started | F3: Temp | G3: Bin Seal Grade | J3: Int. | L3: Tote/ Skid # | M3: Number of Pieces | N3: Bin Weight | O3: Time Started | P3: Temp | Q3: Bin Seal Grade | T3: Int. | V3: Tote/ Skid # | W3: Number of Pieces | X3: Bin Weight | Y3: Time Started | Z3: Temp | AA3: Bin Seal Grade | AD3: Int. | AF3: Tote/ Skid # | AG3: Number of Pieces | AH3: Bin Weight | AI3: Time Started | AJ3: Temp | AK3: Bin Seal Grade | AN3: Int. | AP3: Tote/ Skid # | AQ3: Number of Pieces | AR3: Bin Weight | AS3: Time Started | AT3: Temp | AU3: Bin Seal Grade | AX3: Int. | AZ3: Tote/ Skid # | BA3: Number of Pieces | BB3: Bin Weight | BC3: Time Started | BD3: Temp | BE3: Bin Seal Grade | BH3: Int. | BJ3: Tote/ Skid # | BK3: Number of Pieces | BL3: Bin Weight | BM3: Time Started | BN3: Temp | BO3: Bin Seal Grade | BR3: Int.
A4: 1 | K4: 1 | U4: 1 | AE4: 1 | AO4: 1 | AY4: 1 | BI4: 1
A5: 2 | K5: 2 | U5: 2 | AE5: 2 | AO5: 2 | AY5: 2 | BI5: 2
A6: 3 | K6: 3 | U6: 3 | AE6: 3 | AO6: 3 | AY6: 3 | BI6: 3
A7: 4 | K7: 4 | U7: 4 | AE7: 4 | AO7: 4 | AY7: 4 | BI7: 4
A8: 5 | K8: 5 | U8: 5 | AE8: 5 | AO8: 5 | AY8: 5 | BI8: 5
A9: 6 | K9: 6 | U9: 6 | AE9: 6 | AO9: 6 | AY9: 6 | BI9: 6
A10: 7 | K10: 7 | U10: 7 | AE10: 7 | AO10: 7 | AY10: 7 | BI10: 7
A11: 8 | K11: 8 | U11: 8 | AE11: 8 | AO11: 8 | AY11: 8 | BI11: 8
A12: 9 | K12: 9 | U12: 9 | AE12: 9 | AO12: 9 | AY12: 9 | BI12: 9
A13: 10 | K13: 10 | U13: 10 | AE13: 10 | AO13: 10 | AY13: 10 | BI13: 10
A14: 11 | K14: 11 | U14: 11 | AE14: 11 | AO14: 11 | AY14: 11 | BI14: 11
A15: 12 | K15: 12 | U15: 12 | AE15: 12 | AO15: 12 | AY15: 12 | BI15: 12
... A63: 60 | K63: 60 | U63: 60 | AE63: 60 | AO63: 60 | AY63: 60 | BI63: 60
B64: =COUNTA(B4:B63) -> 0 | D64: =SUM(D4:D63) -> 0 | L64: =COUNTA(L4:L63) -> 0 | N64: =SUM(N4:N63) -> 0 | V64: =COUNTA(V4:V63) -> 0 | X64: =SUM(X4:X63) -> 0 | AF64: =COUNTA(AF4:AF63) -> 0 | AH64: =SUM(AH4:AH63) -> 0 | AP64: =COUNTA(AP4:AP63) -> 0 | AR64: =SUM(AR4:AR63) -> 0 | AZ64: =COUNTA(AZ4:AZ63) -> 0 | BB64: =SUM(BB4:BB63) -> 0 | BJ64: =COUNTA(BJ4:BJ63) -> 0 | BL64: =SUM(BL4:BL63) -> 0
B65: Total Bins of Date | D65: Total Weight of Date | L65: Total Bins of Date | N65: Total Weight of Date | V65: Total Bins of Date | X65: Total Weight of Date | AF65: Total Bins of Date | AH65: Total Weight of Date | AP65: Total Bins of Date | AR65: Total Weight of Date | AZ65: Total Bins of Date | BB65: Total Weight of Date | BJ65: Total Bins of Date | BL65: Total Weight of Date

Sheet 1-712
A1: 001-000712--PS NN Block Totes 160/6 lb | F1: Ttl. Tts. | G1: =B64+L64+V64+AF64+AP64+AZ64+BJ64 -> 0 | H1: Ttl. Wt. | I1: =D64+N64+X64+AH64+AR64+BB64+BL64 -> 0 | L1: 001-000712--PS NN Block Totes 160/6 lb | V1: 001-000712--PS NN Block Totes 160/6 lb | AF1: 001-000712--PS NN Block Totes 160/6 lb | AP1: 001-000712--PS NN Block Totes 160/6 lb | AZ1: 001-000712--PS NN Block Totes 160/6 lb | BJ1: 001-000712--PS NN Block Totes 160/6 lb
B2: Date= | H2: Firmness F=Firm S=Soft | I2: Delvicid Used Y/N | L2: Date= | R2: Firmness F=Firm S=Soft | S2: Delvicid Used Y/N | V2: Date= | AB2: Firmness F=Firm S=Soft | AC2: Delvicid Used Y/N | AF2: Date= | AL2: Firmness F=Firm S=Soft | AM2: Delvicid Used Y/N | AP2: Date= | AV2: Firmness F=Firm S=Soft | AW2: Delvicid Used Y/N | AZ2: Date= | BF2: Firmness F=Firm S=Soft | BG2: Delvicid Used Y/N | BJ2: Date= | BP2: Firmness F=Firm S=Soft | BQ2: Delvicid Used Y/N
B3: Tote/ Skid # | C3: Number of Pieces | D3: Bin Weight | E3: Time Started | F3: Temp | G3: Bin Seal Grade | J3: Int. | L3: Tote/ Skid # | M3: Number of Pieces | N3: Bin Weight | O3: Time Started | P3: Temp | Q3: Bin Seal Grade | T3: Int. | V3: Tote/ Skid # | W3: Number of Pieces | X3: Bin Weight | Y3: Time Started | Z3: Temp | AA3: Bin Seal Grade | AD3: Int. | AF3: Tote/ Skid # | AG3: Number of Pieces | AH3: Bin Weight | AI3: Time Started | AJ3: Temp | AK3: Bin Seal Grade | AN3: Int. | AP3: Tote/ Skid # | AQ3: Number of Pieces | AR3: Bin Weight | AS3: Time Started | AT3: Temp | AU3: Bin Seal Grade | AX3: Int. | AZ3: Tote/ Skid # | BA3: Number of Pieces | BB3: Bin Weight | BC3: Time Started | BD3: Temp | BE3: Bin Seal Grade | BH3: Int. | BJ3: Tote/ Skid # | BK3: Number of Pieces | BL3: Bin Weight | BM3: Time Started | BN3: Temp | BO3: Bin Seal Grade | BR3: Int.
A4: 1 | K4: 1 | U4: 1 | AE4: 1 | AO4: 1 | AY4: 1 | BI4: 1
A5: 2 | K5: 2 | U5: 2 | AE5: 2 | AO5: 2 | AY5: 2 | BI5: 2
A6: 3 | K6: 3 | U6: 3 | AE6: 3 | AO6: 3 | AY6: 3 | BI6: 3
A7: 4 | K7: 4 | U7: 4 | AE7: 4 | AO7: 4 | AY7: 4 | BI7: 4
A8: 5 | K8: 5 | U8: 5 | AE8: 5 | AO8: 5 | AY8: 5 | BI8: 5
A9: 6 | K9: 6 | U9: 6 | AE9: 6 | AO9: 6 | AY9: 6 | BI9: 6
A10: 7 | K10: 7 | U10: 7 | AE10: 7 | AO10: 7 | AY10: 7 | BI10: 7
A11: 8 | K11: 8 | U11: 8 | AE11: 8 | AO11: 8 | AY11: 8 | BI11: 8
A12: 9 | K12: 9 | U12: 9 | AE12: 9 | AO12: 9 | AY12: 9 | BI12: 9
A13: 10 | K13: 10 | U13: 10 | AE13: 10 | AO13: 10 | AY13: 10 | BI13: 10
A14: 11 | K14: 11 | U14: 11 | AE14: 11 | AO14: 11 | AY14: 11 | BI14: 11
A15: 12 | K15: 12 | U15: 12 | AE15: 12 | AO15: 12 | AY15: 12 | BI15: 12
... A63: 60 | K63: 60 | U63: 60 | AE63: 60 | AO63: 60 | AY63: 60 | BI63: 60
B64: =COUNTA(B4:B63) -> 0 | D64: =SUM(D4:D63) -> 0 | L64: =COUNTA(L4:L63) -> 0 | N64: =SUM(N4:N63) -> 0 | V64: =COUNTA(V4:V63) -> 0 | X64: =SUM(X4:X63) -> 0 | AF64: =COUNTA(AF4:AF63) -> 0 | AH64: =SUM(AH4:AH63) -> 0 | AP64: =COUNTA(AP4:AP63) -> 0 | AR64: =SUM(AR4:AR63) -> 0 | AZ64: =COUNTA(AZ4:AZ63) -> 0 | BB64: =SUM(BB4:BB63) -> 0 | BJ64: =COUNTA(BJ4:BJ63) -> 0 | BL64: =SUM(BL4:BL63) -> 0
B65: Total Bins of Date | D65: Total Weight of Date | L65: Total Bins of Date | N65: Total Weight of Date | V65: Total Bins of Date | X65: Total Weight of Date | AF65: Total Bins of Date | AH65: Total Weight of Date | AP65: Total Bins of Date | AR65: Total Weight of Date | AZ65: Total Bins of Date | BB65: Total Weight of Date | BJ65: Total Bins of Date | BL65: Total Weight of Date

Sheet 1-525
A1: 001-000525-RbstFree WM Block Totes 160/6 lb | F1: Ttl. Tts. | G1: =B64+L64+V64+AF64+AP64+AZ64+BJ64 -> 0 | H1: Ttl. Wt. | I1: =D64+N64+X64+AH64+AR64+BB64+BL64 -> 0 | L1: 001-000525-RbstFree WM Block Totes 160/6 lb | V1: 001-000525-RbstFree WM Block Totes 160/6 lb | AF1: 001-000525-RbstFree WM Block Totes 160/6 lb | AP1: 001-000525-RbstFree WM Block Totes 160/6 lb | AZ1: 001-000525-RbstFree WM Block Totes 160/6 lb | BJ1: 001-000525-RbstFree WM Block Totes 160/6 lb
B2: Date= | H2: Firmness F=Firm S=Soft | I2: Delvicid Used Y/N | L2: Date= | R2: Firmness F=Firm S=Soft | S2: Delvicid Used Y/N | V2: Date= | AB2: Firmness F=Firm S=Soft | AC2: Delvicid Used Y/N | AF2: Date= | AL2: Firmness F=Firm S=Soft | AM2: Delvicid Used Y/N | AP2: Date= | AV2: Firmness F=Firm S=Soft | AW2: Delvicid Used Y/N | AZ2: Date= | BF2: Firmness F=Firm S=Soft | BG2: Delvicid Used Y/N | BJ2: Date= | BP2: Firmness F=Firm S=Soft | BQ2: Delvicid Used Y/N
B3: Tote/ Skid # | C3: Number of Pieces | D3: Bin Weight | E3: Time Started | F3: Temp | G3: Bin Seal Grade | J3: Int. | L3: Tote/ Skid # | M3: Number of Pieces | N3: Bin Weight | O3: Time Started | P3: Temp | Q3: Bin Seal Grade | T3: Int. | V3: Tote/ Skid # | W3: Number of Pieces | X3: Bin Weight | Y3: Time Started | Z3: Temp | AA3: Bin Seal Grade | AD3: Int. | AF3: Tote/ Skid # | AG3: Number of Pieces | AH3: Bin Weight | AI3: Time Started | AJ3: Temp | AK3: Bin Seal Grade | AN3: Int. | AP3: Tote/ Skid # | AQ3: Number of Pieces | AR3: Bin Weight | AS3: Time Started | AT3: Temp | AU3: Bin Seal Grade | AX3: Int. | AZ3: Tote/ Skid # | BA3: Number of Pieces | BB3: Bin Weight | BC3: Time Started | BD3: Temp | BE3: Bin Seal Grade | BH3: Int. | BJ3: Tote/ Skid # | BK3: Number of Pieces | BL3: Bin Weight | BM3: Time Started | BN3: Temp | BO3: Bin Seal Grade | BR3: Int.
A4: 1 | K4: 1 | U4: 1 | AE4: 1 | AO4: 1 | AY4: 1 | BI4: 1
A5: 2 | K5: 2 | U5: 2 | AE5: 2 | AO5: 2 | AY5: 2 | BI5: 2
A6: 3 | K6: 3 | U6: 3 | AE6: 3 | AO6: 3 | AY6: 3 | BI6: 3
A7: 4 | K7: 4 | U7: 4 | AE7: 4 | AO7: 4 | AY7: 4 | BI7: 4
A8: 5 | K8: 5 | U8: 5 | AE8: 5 | AO8: 5 | AY8: 5 | BI8: 5
A9: 6 | K9: 6 | U9: 6 | AE9: 6 | AO9: 6 | AY9: 6 | BI9: 6
A10: 7 | K10: 7 | U10: 7 | AE10: 7 | AO10: 7 | AY10: 7 | BI10: 7
A11: 8 | K11: 8 | U11: 8 | AE11: 8 | AO11: 8 | AY11: 8 | BI11: 8
A12: 9 | K12: 9 | U12: 9 | AE12: 9 | AO12: 9 | AY12: 9 | BI12: 9
A13: 10 | K13: 10 | U13: 10 | AE13: 10 | AO13: 10 | AY13: 10 | BI13: 10
A14: 11 | K14: 11 | U14: 11 | AE14: 11 | AO14: 11 | AY14: 11 | BI14: 11
A15: 12 | K15: 12 | U15: 12 | AE15: 12 | AO15: 12 | AY15: 12 | BI15: 12
... A63: 60 | K63: 60 | U63: 60 | AE63: 60 | AO63: 60 | AY63: 60 | BI63: 60
B64: =COUNTA(B4:B63) -> 0 | D64: =SUM(D4:D63) -> 0 | L64: =COUNTA(L4:L63) -> 0 | N64: =SUM(N4:N63) -> 0 | V64: =COUNTA(V4:V63) -> 0 | X64: =SUM(X4:X63) -> 0 | AF64: =COUNTA(AF4:AF63) -> 0 | AH64: =SUM(AH4:AH63) -> 0 | AP64: =COUNTA(AP4:AP63) -> 0 | AR64: =SUM(AR4:AR63) -> 0 | AZ64: =COUNTA(AZ4:AZ63) -> 0 | BB64: =SUM(BB4:BB63) -> 0 | BJ64: =COUNTA(BJ4:BJ63) -> 0 | BL64: =SUM(BL4:BL63) -> 0
B65: Total Bins of Date | D65: Total Weight of Date | L65: Total Bins of Date | N65: Total Weight of Date | V65: Total Bins of Date | X65: Total Weight of Date | AF65: Total Bins of Date | AH65: Total Weight of Date | AP65: Total Bins of Date | AR65: Total Weight of Date | AZ65: Total Bins of Date | BB65: Total Weight of Date | BJ65: Total Bins of Date | BL65: Total Weight of Date

Sheet 1-528
A1: 001-000528-Nuovo Rbstf PS Block Totes 160/6 lb | F1: Ttl. Tts. | G1: =B64+L64+V64+AF64+AP64+AZ64+BJ64 -> 0 | H1: Ttl. Wt. | I1: =D64+N64+X64+AH64+AR64+BB64+BL64 -> 0 | L1: 001-000528-Nuovo Rbstf PS Block Totes 160/6 lb | V1: 001-000528-Nuovo Rbstf PS Block Totes 160/6 lb | AF1: 001-000528-Nuovo Rbstf PS Block Totes 160/6 lb | AP1: 001-000528-Nuovo Rbstf PS Block Totes 160/6 lb | AZ1: 001-000528-Nuovo Rbstf PS Block Totes 160/6 lb | BJ1: 001-000528-Nuovo Rbstf PS Block Totes 160/6 lb
B2: Date= | H2: Firmness F=Firm S=Soft | I2: Delvicid Used Y/N | L2: Date= | R2: Firmness F=Firm S=Soft | S2: Delvicid Used Y/N | V2: Date= | AB2: Firmness F=Firm S=Soft | AC2: Delvicid Used Y/N | AF2: Date= | AL2: Firmness F=Firm S=Soft | AM2: Delvicid Used Y/N | AP2: Date= | AV2: Firmness F=Firm S=Soft | AW2: Delvicid Used Y/N | AZ2: Date= | BF2: Firmness F=Firm S=Soft | BG2: Delvicid Used Y/N | BJ2: Date= | BP2: Firmness F=Firm S=Soft | BQ2: Delvicid Used Y/N
B3: Tote/ Skid # | C3: Number of Pieces | D3: Bin Weight | E3: Time Started | F3: Temp | G3: Bin Seal Grade | J3: Int. | L3: Tote/ Skid # | M3: Number of Pieces | N3: Bin Weight | O3: Time Started | P3: Temp | Q3: Bin Seal Grade | T3: Int. | V3: Tote/ Skid # | W3: Number of Pieces | X3: Bin Weight | Y3: Time Started | Z3: Temp | AA3: Bin Seal Grade | AD3: Int. | AF3: Tote/ Skid # | AG3: Number of Pieces | AH3: Bin Weight | AI3: Time Started | AJ3: Temp | AK3: Bin Seal Grade | AN3: Int. | AP3: Tote/ Skid # | AQ3: Number of Pieces | AR3: Bin Weight | AS3: Time Started | AT3: Temp | AU3: Bin Seal Grade | AX3: Int. | AZ3: Tote/ Skid # | BA3: Number of Pieces | BB3: Bin Weight | BC3: Time Started | BD3: Temp | BE3: Bin Seal Grade | BH3: Int. | BJ3: Tote/ Skid # | BK3: Number of Pieces | BL3: Bin Weight | BM3: Time Started | BN3: Temp | BO3: Bin Seal Grade | BR3: Int.
A4: 1 | K4: 1 | U4: 1 | AE4: 1 | AO4: 1 | AY4: 1 | BI4: 1
A5: 2 | K5: 2 | U5: 2 | AE5: 2 | AO5: 2 | AY5: 2 | BI5: 2
A6: 3 | K6: 3 | U6: 3 | AE6: 3 | AO6: 3 | AY6: 3 | BI6: 3
A7: 4 | K7: 4 | U7: 4 | AE7: 4 | AO7: 4 | AY7: 4 | BI7: 4
A8: 5 | K8: 5 | U8: 5 | AE8: 5 | AO8: 5 | AY8: 5 | BI8: 5
A9: 6 | K9: 6 | U9: 6 | AE9: 6 | AO9: 6 | AY9: 6 | BI9: 6
A10: 7 | K10: 7 | U10: 7 | AE10: 7 | AO10: 7 | AY10: 7 | BI10: 7
A11: 8 | K11: 8 | U11: 8 | AE11: 8 | AO11: 8 | AY11: 8 | BI11: 8
A12: 9 | K12: 9 | U12: 9 | AE12: 9 | AO12: 9 | AY12: 9 | BI12: 9
A13: 10 | K13: 10 | U13: 10 | AE13: 10 | AO13: 10 | AY13: 10 | BI13: 10
A14: 11 | K14: 11 | U14: 11 | AE14: 11 | AO14: 11 | AY14: 11 | BI14: 11
A15: 12 | K15: 12 | U15: 12 | AE15: 12 | AO15: 12 | AY15: 12 | BI15: 12
... A63: 60 | K63: 60 | U63: 60 | AE63: 60 | AO63: 60 | AY63: 60 | BI63: 60
B64: =COUNTA(B4:B63) -> 0 | D64: =SUM(D4:D63) -> 0 | L64: =COUNTA(L4:L63) -> 0 | N64: =SUM(N4:N63) -> 0 | V64: =COUNTA(V4:V63) -> 0 | X64: =SUM(X4:X63) -> 0 | AF64: =COUNTA(AF4:AF63) -> 0 | AH64: =SUM(AH4:AH63) -> 0 | AP64: =COUNTA(AP4:AP63) -> 0 | AR64: =SUM(AR4:AR63) -> 0 | AZ64: =COUNTA(AZ4:AZ63) -> 0 | BB64: =SUM(BB4:BB63) -> 0 | BJ64: =COUNTA(BJ4:BJ63) -> 0 | BL64: =SUM(BL4:BL63) -> 0
B65: Total Bins of Date | D65: Total Weight of Date | L65: Total Bins of Date | N65: Total Weight of Date | V65: Total Bins of Date | X65: Total Weight of Date | AF65: Total Bins of Date | AH65: Total Weight of Date | AP65: Total Bins of Date | AR65: Total Weight of Date | AZ65: Total Bins of Date | BB65: Total Weight of Date | BJ65: Total Bins of Date | BL65: Total Weight of Date

Sheet 1-705
A1: 001-000705--PS PZ Block Totes 160/6 lb | F1: Ttl. Tts. | G1: =B64+L64+V64+AF64+AP64+AZ64+BJ64 -> 0 | H1: Ttl. Wt. | I1: =D64+N64+X64+AH64+AR64+BB64+BL64 -> 0 | L1: 001-000705--PS PZ Block Totes 160/6 lb | V1: 001-000705--PS PZ Block Totes 160/6 lb | AF1: 001-000705--PS PZ Block Totes 160/6 lb | AP1: 001-000705--PS PZ Block Totes 160/6 lb | AZ1: 001-000705--PS PZ Block Totes 160/6 lb | BJ1: 001-000705--PS PZ Block Totes 160/6 lb
B2: Date= | H2: Firmness F=Firm S=Soft | I2: Delvicid Used Y/N | L2: Date= | R2: Firmness F=Firm S=Soft | S2: Delvicid Used Y/N | V2: Date= | AB2: Firmness F=Firm S=Soft | AC2: Delvicid Used Y/N | AF2: Date= | AL2: Firmness F=Firm S=Soft | AM2: Delvicid Used Y/N | AP2: Date= | AV2: Firmness F=Firm S=Soft | AW2: Delvicid Used Y/N | AZ2: Date= | BF2: Firmness F=Firm S=Soft | BG2: Delvicid Used Y/N | BJ2: Date= | BP2: Firmness F=Firm S=Soft | BQ2: Delvicid Used Y/N
B3: Tote/ Skid # | C3: Number of Pieces | D3: Bin Weight | E3: Time Started | F3: Temp | G3: Bin Seal Grade | J3: Int. | L3: Tote/ Skid # | M3: Number of Pieces | N3: Bin Weight | O3: Time Started | P3: Temp | Q3: Bin Seal Grade | T3: Int. | V3: Tote/ Skid # | W3: Number of Pieces | X3: Bin Weight | Y3: Time Started | Z3: Temp | AA3: Bin Seal Grade | AD3: Int. | AF3: Tote/ Skid # | AG3: Number of Pieces | AH3: Bin Weight | AI3: Time Started | AJ3: Temp | AK3: Bin Seal Grade | AN3: Int. | AP3: Tote/ Skid # | AQ3: Number of Pieces | AR3: Bin Weight | AS3: Time Started | AT3: Temp | AU3: Bin Seal Grade | AX3: Int. | AZ3: Tote/ Skid # | BA3: Number of Pieces | BB3: Bin Weight | BC3: Time Started | BD3: Temp | BE3: Bin Seal Grade | BH3: Int. | BJ3: Tote/ Skid # | BK3: Number of Pieces | BL3: Bin Weight | BM3: Time Started | BN3: Temp | BO3: Bin Seal Grade | BR3: Int.
A4: 1 | K4: 1 | U4: 1 | AE4: 1 | AO4: 1 | AY4: 1 | BI4: 1
A5: 2 | K5: 2 | U5: 2 | AE5: 2 | AO5: 2 | AY5: 2 | BI5: 2
A6: 3 | K6: 3 | U6: 3 | AE6: 3 | AO6: 3 | AY6: 3 | BI6: 3
A7: 4 | K7: 4 | U7: 4 | AE7: 4 | AO7: 4 | AY7: 4 | BI7: 4
A8: 5 | K8: 5 | U8: 5 | AE8: 5 | AO8: 5 | AY8: 5 | BI8: 5
A9: 6 | K9: 6 | U9: 6 | AE9: 6 | AO9: 6 | AY9: 6 | BI9: 6
A10: 7 | K10: 7 | U10: 7 | AE10: 7 | AO10: 7 | AY10: 7 | BI10: 7
A11: 8 | K11: 8 | U11: 8 | AE11: 8 | AO11: 8 | AY11: 8 | BI11: 8
A12: 9 | K12: 9 | U12: 9 | AE12: 9 | AO12: 9 | AY12: 9 | BI12: 9
A13: 10 | K13: 10 | U13: 10 | AE13: 10 | AO13: 10 | AY13: 10 | BI13: 10
A14: 11 | K14: 11 | U14: 11 | AE14: 11 | AO14: 11 | AY14: 11 | BI14: 11
A15: 12 | K15: 12 | U15: 12 | AE15: 12 | AO15: 12 | AY15: 12 | BI15: 12
... A63: 60 | K63: 60 | U63: 60 | AE63: 60 | AO63: 60 | AY63: 60 | BI63: 60
B64: =COUNTA(B4:B63) -> 0 | D64: =SUM(D4:D63) -> 0 | L64: =COUNTA(L4:L63) -> 0 | N64: =SUM(N4:N63) -> 0 | V64: =COUNTA(V4:V63) -> 0 | X64: =SUM(X4:X63) -> 0 | AF64: =COUNTA(AF4:AF63) -> 0 | AH64: =SUM(AH4:AH63) -> 0 | AP64: =COUNTA(AP4:AP63) -> 0 | AR64: =SUM(AR4:AR63) -> 0 | AZ64: =COUNTA(AZ4:AZ63) -> 0 | BB64: =SUM(BB4:BB63) -> 0 | BJ64: =COUNTA(BJ4:BJ63) -> 0 | BL64: =SUM(BL4:BL63) -> 0
B65: Total Bins of Date | D65: Total Weight of Date | L65: Total Bins of Date | N65: Total Weight of Date | V65: Total Bins of Date | X65: Total Weight of Date | AF65: Total Bins of Date | AH65: Total Weight of Date | AP65: Total Bins of Date | AR65: Total Weight of Date | AZ65: Total Bins of Date | BB65: Total Weight of Date | BJ65: Total Bins of Date | BL65: Total Weight of Date

Sheet PS Purchased
A1: 008-000005-Part Skim Block Totes 96/20 lb | F1: Ttl. Tts. | G1: =B64+L64+V64+AF64+AP64+AZ64+BJ64 -> 0 | H1: Ttl. Wt. | I1: =D64+N64+X64+AH64+AR64+BB64+BL64 -> 0 | L1: 008-000005-Part Skim Block Totes 96/20 lb | V1: 008-000005-Part Skim Block Totes 96/20 lb | AF1: 008-000005-Part Skim Block Totes 96/20 lb | AP1: 008-000005-Part Skim Block Totes 96/20 lb | AZ1: 008-000005-Part Skim Block Totes 96/20 lb | BJ1: 008-000005-Part Skim Block Totes 96/20 lb
B2: Date= | H2: Firmness F=Firm S=Soft | I2: Delvicid Used Y/N | L2: Date= | R2: Firmness F=Firm S=Soft | S2: Delvicid Used Y/N | V2: Date= | AB2: Firmness F=Firm S=Soft | AC2: Delvicid Used Y/N | AF2: Date= | AL2: Firmness F=Firm S=Soft | AM2: Delvicid Used Y/N | AP2: Date= | AV2: Firmness F=Firm S=Soft | AW2: Delvicid Used Y/N | AZ2: Date= | BF2: Firmness F=Firm S=Soft | BG2: Delvicid Used Y/N | BJ2: Date= | BP2: Firmness F=Firm S=Soft | BQ2: Delvicid Used Y/N
B3: Tote/ Skid # | C3: Number of Pieces | D3: Bin Weight | E3: Time Started | F3: Temp | G3: Bin Seal Grade | J3: Int. | L3: Tote/ Skid # | M3: Number of Pieces | N3: Bin Weight | O3: Time Started | P3: Temp | Q3: Bin Seal Grade | T3: Int. | V3: Tote/ Skid # | W3: Number of Pieces | X3: Bin Weight | Y3: Time Started | Z3: Temp | AA3: Bin Seal Grade | AD3: Int. | AF3: Tote/ Skid # | AG3: Number of Pieces | AH3: Bin Weight | AI3: Time Started | AJ3: Temp | AK3: Bin Seal Grade | AN3: Int. | AP3: Tote/ Skid # | AQ3: Number of Pieces | AR3: Bin Weight | AS3: Time Started | AT3: Temp | AU3: Bin Seal Grade | AX3: Int. | AZ3: Tote/ Skid # | BA3: Number of Pieces | BB3: Bin Weight | BC3: Time Started | BD3: Temp | BE3: Bin Seal Grade | BH3: Int. | BJ3: Tote/ Skid # | BK3: Number of Pieces | BL3: Bin Weight | BM3: Time Started | BN3: Temp | BO3: Bin Seal Grade | BR3: Int.
A4: 1 | K4: 1 | U4: 1 | AE4: 1 | AO4: 1 | AY4: 1 | BI4: 1
A5: 2 | K5: 2 | U5: 2 | AE5: 2 | AO5: 2 | AY5: 2 | BI5: 2
A6: 3 | K6: 3 | U6: 3 | AE6: 3 | AO6: 3 | AY6: 3 | BI6: 3
A7: 4 | K7: 4 | U7: 4 | AE7: 4 | AO7: 4 | AY7: 4 | BI7: 4
A8: 5 | K8: 5 | U8: 5 | AE8: 5 | AO8: 5 | AY8: 5 | BI8: 5
A9: 6 | K9: 6 | U9: 6 | AE9: 6 | AO9: 6 | AY9: 6 | BI9: 6
A10: 7 | K10: 7 | U10: 7 | AE10: 7 | AO10: 7 | AY10: 7 | BI10: 7
A11: 8 | K11: 8 | U11: 8 | AE11: 8 | AO11: 8 | AY11: 8 | BI11: 8
A12: 9 | K12: 9 | U12: 9 | AE12: 9 | AO12: 9 | AY12: 9 | BI12: 9
A13: 10 | K13: 10 | U13: 10 | AE13: 10 | AO13: 10 | AY13: 10 | BI13: 10
A14: 11 | K14: 11 | U14: 11 | AE14: 11 | AO14: 11 | AY14: 11 | BI14: 11
A15: 12 | K15: 12 | U15: 12 | AE15: 12 | AO15: 12 | AY15: 12 | BI15: 12
... A63: 60 | K63: 60 | U63: 60 | AE63: 60 | AO63: 60 | AY63: 60 | BI63: 60
B64: =COUNTA(B4:B63) -> 0 | D64: =SUM(D4:D63) -> 0 | L64: =COUNTA(L4:L63) -> 0 | N64: =SUM(N4:N63) -> 0 | V64: =COUNTA(V4:V63) -> 0 | X64: =SUM(X4:X63) -> 0 | AF64: =COUNTA(AF4:AF63) -> 0 | AH64: =SUM(AH4:AH63) -> 0 | AP64: =COUNTA(AP4:AP63) -> 0 | AR64: =SUM(AR4:AR63) -> 0 | AZ64: =COUNTA(AZ4:AZ63) -> 0 | BB64: =SUM(BB4:BB63) -> 0 | BJ64: =COUNTA(BJ4:BJ63) -> 0 | BL64: =SUM(BL4:BL63) -> 0
B65: Total Bins of Date | D65: Total Weight of Date | L65: Total Bins of Date | N65: Total Weight of Date | V65: Total Bins of Date | X65: Total Weight of Date | AF65: Total Bins of Date | AH65: Total Weight of Date | AP65: Total Bins of Date | AR65: Total Weight of Date | AZ65: Total Bins of Date | BB65: Total Weight of Date | BJ65: Total Bins of Date | BL65: Total Weight of Date

Sheet WM Purchased
A1: 008-000021--WM Block Totes 96/20 lb | F1: Ttl. Tts. | G1: =B64+L64+V64+AF64+AP64+AZ64+BJ64 -> 0 | H1: Ttl. Wt. | I1: =D64+N64+X64+AH64+AR64+BB64+BL64 -> 0 | L1: 008-000021--WM Block Totes 96/20 lb | V1: 008-000021--WM Block Totes 96/20 lb | AF1: 008-000021--WM Block Totes 96/20 lb | AP1: 008-000021--WM Block Totes 96/20 lb | AZ1: 008-000021--WM Block Totes 96/20 lb | BJ1: 008-000021--WM Block Totes 96/20 lb
B2: Date= | H2: Firmness F=Firm S=Soft | I2: Delvicid Used Y/N | L2: Date= | R2: Firmness F=Firm S=Soft | S2: Delvicid Used Y/N | V2: Date= | AB2: Firmness F=Firm S=Soft | AC2: Delvicid Used Y/N | AF2: Date= | AL2: Firmness F=Firm S=Soft | AM2: Delvicid Used Y/N | AP2: Date= | AV2: Firmness F=Firm S=Soft | AW2: Delvicid Used Y/N | AZ2: Date= | BF2: Firmness F=Firm S=Soft | BG2: Delvicid Used Y/N | BJ2: Date= | BP2: Firmness F=Firm S=Soft | BQ2: Delvicid Used Y/N
B3: Tote/ Skid # | C3: Number of Pieces | D3: Bin Weight | E3: Time Started | F3: Temp | G3: Bin Seal Grade | J3: Int. | L3: Tote/ Skid # | M3: Number of Pieces | N3: Bin Weight | O3: Time Started | P3: Temp | Q3: Bin Seal Grade | T3: Int. | V3: Tote/ Skid # | W3: Number of Pieces | X3: Bin Weight | Y3: Time Started | Z3: Temp | AA3: Bin Seal Grade | AD3: Int. | AF3: Tote/ Skid # | AG3: Number of Pieces | AH3: Bin Weight | AI3: Time Started | AJ3: Temp | AK3: Bin Seal Grade | AN3: Int. | AP3: Tote/ Skid # | AQ3: Number of Pieces | AR3: Bin Weight | AS3: Time Started | AT3: Temp | AU3: Bin Seal Grade | AX3: Int. | AZ3: Tote/ Skid # | BA3: Number of Pieces | BB3: Bin Weight | BC3: Time Started | BD3: Temp | BE3: Bin Seal Grade | BH3: Int. | BJ3: Tote/ Skid # | BK3: Number of Pieces | BL3: Bin Weight | BM3: Time Started | BN3: Temp | BO3: Bin Seal Grade | BR3: Int.
A4: 1 | K4: 1 | U4: 1 | AE4: 1 | AO4: 1 | AY4: 1 | BI4: 1
A5: 2 | K5: 2 | U5: 2 | AE5: 2 | AO5: 2 | AY5: 2 | BI5: 2
A6: 3 | K6: 3 | U6: 3 | AE6: 3 | AO6: 3 | AY6: 3 | BI6: 3
A7: 4 | K7: 4 | U7: 4 | AE7: 4 | AO7: 4 | AY7: 4 | BI7: 4
A8: 5 | K8: 5 | U8: 5 | AE8: 5 | AO8: 5 | AY8: 5 | BI8: 5
A9: 6 | K9: 6 | U9: 6 | AE9: 6 | AO9: 6 | AY9: 6 | BI9: 6
A10: 7 | K10: 7 | U10: 7 | AE10: 7 | AO10: 7 | AY10: 7 | BI10: 7
A11: 8 | K11: 8 | U11: 8 | AE11: 8 | AO11: 8 | AY11: 8 | BI11: 8
A12: 9 | K12: 9 | U12: 9 | AE12: 9 | AO12: 9 | AY12: 9 | BI12: 9
A13: 10 | K13: 10 | U13: 10 | AE13: 10 | AO13: 10 | AY13: 10 | BI13: 10
A14: 11 | K14: 11 | U14: 11 | AE14: 11 | AO14: 11 | AY14: 11 | BI14: 11
A15: 12 | K15: 12 | U15: 12 | AE15: 12 | AO15: 12 | AY15: 12 | BI15: 12
... A63: 60 | K63: 60 | U63: 60 | AE63: 60 | AO63: 60 | AY63: 60 | BI63: 60
B64: =COUNTA(B4:B63) -> 0 | D64: =SUM(D4:D63) -> 0 | L64: =COUNTA(L4:L63) -> 0 | N64: =SUM(N4:N63) -> 0 | V64: =COUNTA(V4:V63) -> 0 | X64: =SUM(X4:X63) -> 0 | AF64: =COUNTA(AF4:AF63) -> 0 | AH64: =SUM(AH4:AH63) -> 0 | AP64: =COUNTA(AP4:AP63) -> 0 | AR64: =SUM(AR4:AR63) -> 0 | AZ64: =COUNTA(AZ4:AZ63) -> 0 | BB64: =SUM(BB4:BB63) -> 0 | BJ64: =COUNTA(BJ4:BJ63) -> 0 | BL64: =SUM(BL4:BL63) -> 0
B65: Total Bins of Date | D65: Total Weight of Date | L65: Total Bins of Date | N65: Total Weight of Date | V65: Total Bins of Date | X65: Total Weight of Date | AF65: Total Bins of Date | AH65: Total Weight of Date | AP65: Total Bins of Date | AR65: Total Weight of Date | AZ65: Total Bins of Date | BB65: Total Weight of Date | BJ65: Total Bins of Date | BL65: Total Weight of Date

Sheet Asiago40#
A1: 008-000001--Asiago Blocks 40 lb RW | D1: Ttl. Tts. | E1: =F64+N64+V64+AD64+AL64+AT64+BB64+BJ64+BR64+BZ64+CH64+CP64 -> 0 | F1: Ttl. Wt. | G1: =B64+J64+R64+Z64+AH64+AP64+AX64+BF64+BN64+BV64+CD64+CL64 -> 0 | I1: 008-000001--Asiago Blocks 40 lb RW | Q1: 008-000001--Asiago Blocks 40 lb RW | Y1: 008-000001--Asiago Blocks 40 lb RW | AG1: 008-000001--Asiago Blocks 40 lb RW | AO1: 008-000001--Asiago Blocks 40 lb RW | AW1: 008-000001--Asiago Blocks 40 lb RW | BE1: 008-000001--Asiago Blocks 40 lb RW | BM1: 008-000001--Asiago Blocks 40 lb RW | BU1: 008-000001--Asiago Blocks 40 lb RW | CC1: 008-000001--Asiago Blocks 40 lb RW | CK1: 008-000001--Asiago Blocks 40 lb RW
B2: Date= | F2: Firmness F=Firm S=Soft | G2: Delvicid Used Y/N | J2: Date= | N2: Firmness F=Firm S=Soft | O2: Delvicid Used Y/N | R2: Date= | V2: Firmness F=Firm S=Soft | W2: Delvicid Used Y/N | Z2: Date= | AD2: Firmness F=Firm S=Soft | AE2: Delvicid Used Y/N | AH2: Date= | AL2: Firmness F=Firm S=Soft | AM2: Delvicid Used Y/N | AP2: Date= | AT2: Firmness F=Firm S=Soft | AU2: Delvicid Used Y/N | AX2: Date= | BB2: Firmness F=Firm S=Soft | BC2: Delvicid Used Y/N | BF2: Date= | BJ2: Firmness F=Firm S=Soft | BK2: Delvicid Used Y/N | BN2: Date= | BR2: Firmness F=Firm S=Soft | BS2: Delvicid Used Y/N | BV2: Date= | BZ2: Firmness F=Firm S=Soft | CA2: Delvicid Used Y/N | CD2: Date= | CH2: Firmness F=Firm S=Soft | CI2: Delvicid Used Y/N | CL2: Date= | CP2: Firmness F=Firm S=Soft | CQ2: Delvicid Used Y/N
B3: Qty. of Blocks | C3: Time Started | D3: Temp | E3: Bin Seal Grade | H3: Int. | J3: Qty. of Blocks | K3: Time Started | L3: Temp | M3: Bin Seal Grade | P3: Int. | R3: Qty. of Blocks | S3: Time Started | T3: Temp | U3: Bin Seal Grade | X3: Int. | Z3: Qty. of Blocks | AA3: Time Started | AB3: Temp | AC3: Bin Seal Grade | AF3: Int. | AH3: Qty. of Blocks | AI3: Time Started | AJ3: Temp | AK3: Bin Seal Grade | AN3: Int. | AP3: Qty. of Blocks | AQ3: Time Started | AR3: Temp | AS3: Bin Seal Grade | AV3: Int. | AX3: Qty. of Blocks | AY3: Time Started | AZ3: Temp | BA3: Bin Seal Grade | BD3: Int. | BF3: Qty. of Blocks | BG3: Time Started | BH3: Temp | BI3: Bin Seal Grade | BL3: Int. | BN3: Qty. of Blocks | BO3: Time Started | BP3: Temp | BQ3: Bin Seal Grade | BT3: Int. | BV3: Qty. of Blocks | BW3: Time Started | BX3: Temp | BY3: Bin Seal Grade | CB3: Int. | CD3: Qty. of Blocks | CE3: Time Started | CF3: Temp | CG3: Bin Seal Grade | CJ3: Int. | CL3: Qty. of Blocks | CM3: Time Started | CN3: Temp | CO3: Bin Seal Grade | CR3: Int.
A4: 1 | I4: 1 | Q4: 1 | Y4: 1 | AG4: 1 | AO4: 1 | AW4: 1 | BE4: 1 | BM4: 1 | BU4: 1 | CC4: 1 | CK4: 1
A5: 2 | I5: 2 | Q5: 2 | Y5: 2 | AG5: 2 | AO5: 2 | AW5: 2 | BE5: 2 | BM5: 2 | BU5: 2 | CC5: 2 | CK5: 2
A6: 3 | I6: 3 | Q6: 3 | Y6: 3 | AG6: 3 | AO6: 3 | AW6: 3 | BE6: 3 | BM6: 3 | BU6: 3 | CC6: 3 | CK6: 3
A7: 4 | I7: 4 | Q7: 4 | Y7: 4 | AG7: 4 | AO7: 4 | AW7: 4 | BE7: 4 | BM7: 4 | BU7: 4 | CC7: 4 | CK7: 4
A8: 5 | I8: 5 | Q8: 5 | Y8: 5 | AG8: 5 | AO8: 5 | AW8: 5 | BE8: 5 | BM8: 5 | BU8: 5 | CC8: 5 | CK8: 5
A9: 6 | I9: 6 | Q9: 6 | Y9: 6 | AG9: 6 | AO9: 6 | AW9: 6 | BE9: 6 | BM9: 6 | BU9: 6 | CC9: 6 | CK9: 6
A10: 7 | I10: 7 | Q10: 7 | Y10: 7 | AG10: 7 | AO10: 7 | AW10: 7 | BE10: 7 | BM10: 7 | BU10: 7 | CC10: 7 | CK10: 7
A11: 8 | I11: 8 | Q11: 8 | Y11: 8 | AG11: 8 | AO11: 8 | AW11: 8 | BE11: 8 | BM11: 8 | BU11: 8 | CC11: 8 | CK11: 8
A12: 9 | I12: 9 | Q12: 9 | Y12: 9 | AG12: 9 | AO12: 9 | AW12: 9 | BE12: 9 | BM12: 9 | BU12: 9 | CC12: 9 | CK12: 9
A13: 10 | I13: 10 | Q13: 10 | Y13: 10 | AG13: 10 | AO13: 10 | AW13: 10 | BE13: 10 | BM13: 10 | BU13: 10 | CC13: 10 | CK13: 10
A14: 11 | I14: 11 | Q14: 11 | Y14: 11 | AG14: 11 | AO14: 11 | AW14: 11 | BE14: 11 | BM14: 11 | BU14: 11 | CC14: 11 | CK14: 11
A15: 12 | I15: 12 | Q15: 12 | Y15: 12 | AG15: 12 | AO15: 12 | AW15: 12 | BE15: 12 | BM15: 12 | BU15: 12 | CC15: 12 | CK15: 12
... A63: 60 | I63: 60 | Q63: 60 | Y63: 60 | AG63: 60 | AO63: 60 | AW63: 60 | BE63: 60 | BM63: 60 | BU63: 60 | CC63: 60 | CK63: 60
B64: =SUM(B4:B63)*40 -> 0 | F64: =SUM(B4:B63) -> 0 | J64: =SUM(J4:J63)*40 -> 0 | N64: =SUM(J4:J63) -> 0 | R64: =SUM(R4:R63)*40 -> 0 | V64: =SUM(R4:R63) -> 0 | Z64: =SUM(Z4:Z63)*40 -> 0 | AD64: =SUM(Z4:Z63) -> 0 | AH64: =SUM(AH4:AH63)*40 -> 0 | AL64: =SUM(AH4:AH63) -> 0 | AP64: =SUM(AP4:AP63)*40 -> 0 | AT64: =SUM(AP4:AP63) -> 0 | AX64: =SUM(AX4:AX63)*40 -> 0 | BB64: =SUM(AX4:AX63) -> 0 | BF64: =SUM(BF4:BF63)*40 -> 0 | BJ64: =SUM(BF4:BF63) -> 0 | BN64: =SUM(BN4:BN63)*40 -> 0 | BR64: =SUM(BN4:BN63) -> 0 | BV64: =SUM(BV4:BV63)*40 -> 0 | BZ64: =SUM(BV4:BV63) -> 0 | CD64: =SUM(CD4:CD63)*40 -> 0 | CH64: =SUM(CD4:CD63) -> 0 | CL64: =SUM(CL4:CL63)*40 -> 0 | CP64: =SUM(CL4:CL63) -> 0
B65: Total Weight of Date | F65: Total Bins of Date | J65: Total Weight of Date | N65: Total Bins of Date | R65: Total Weight of Date | V65: Total Bins of Date | Z65: Total Weight of Date | AD65: Total Bins of Date | AH65: Total Weight of Date | AL65: Total Bins of Date | AP65: Total Weight of Date | AT65: Total Bins of Date | AX65: Total Weight of Date | BB65: Total Bins of Date | BF65: Total Weight of Date | BJ65: Total Bins of Date | BN65: Total Weight of Date | BR65: Total Bins of Date | BV65: Total Weight of Date | BZ65: Total Bins of Date | CD65: Total Weight of Date | CH65: Total Bins of Date | CL65: Total Weight of Date | CP65: Total Bins of Date

Sheet Ched40#
A1: 008-000002--Ched Blocks 40 lb RW | D1: Ttl. Tts. | E1: =F64+N64+V64+AD64+AL64+AT64+BB64+BJ64+BR64+BZ64+CH64+CP64 -> 0 | F1: Ttl. Wt. | G1: =B64+J64+R64+Z64+AH64+AP64+AX64+BF64+BN64+BV64+CD64+CL64 -> 0 | I1: 008-000002--Ched Blocks 40 lb RW | Q1: 008-000002--Ched Blocks 40 lb RW | Y1: 008-000002--Ched Blocks 40 lb RW | AG1: 008-000002--Ched Blocks 40 lb RW | AO1: 008-000002--Ched Blocks 40 lb RW | AW1: 008-000002--Ched Blocks 40 lb RW | BE1: 008-000002--Ched Blocks 40 lb RW | BM1: 008-000002--Ched Blocks 40 lb RW | BU1: 008-000002--Ched Blocks 40 lb RW | CC1: 008-000002--Ched Blocks 40 lb RW | CK1: 008-000002--Ched Blocks 40 lb RW
B2: Date= | F2: Firmness F=Firm S=Soft | G2: Delvicid Used Y/N | J2: Date= | N2: Firmness F=Firm S=Soft | O2: Delvicid Used Y/N | R2: Date= | V2: Firmness F=Firm S=Soft | W2: Delvicid Used Y/N | Z2: Date= | AD2: Firmness F=Firm S=Soft | AE2: Delvicid Used Y/N | AH2: Date= | AL2: Firmness F=Firm S=Soft | AM2: Delvicid Used Y/N | AP2: Date= | AT2: Firmness F=Firm S=Soft | AU2: Delvicid Used Y/N | AX2: Date= | BB2: Firmness F=Firm S=Soft | BC2: Delvicid Used Y/N | BF2: Date= | BJ2: Firmness F=Firm S=Soft | BK2: Delvicid Used Y/N | BN2: Date= | BR2: Firmness F=Firm S=Soft | BS2: Delvicid Used Y/N | BV2: Date= | BZ2: Firmness F=Firm S=Soft | CA2: Delvicid Used Y/N | CD2: Date= | CH2: Firmness F=Firm S=Soft | CI2: Delvicid Used Y/N | CL2: Date= | CP2: Firmness F=Firm S=Soft | CQ2: Delvicid Used Y/N
B3: Qty. of Blocks | C3: Time Started | D3: Temp | E3: Bin Seal Grade | H3: Int. | J3: Qty. of Blocks | K3: Time Started | L3: Temp | M3: Bin Seal Grade | P3: Int. | R3: Qty. of Blocks | S3: Time Started | T3: Temp | U3: Bin Seal Grade | X3: Int. | Z3: Qty. of Blocks | AA3: Time Started | AB3: Temp | AC3: Bin Seal Grade | AF3: Int. | AH3: Qty. of Blocks | AI3: Time Started | AJ3: Temp | AK3: Bin Seal Grade | AN3: Int. | AP3: Qty. of Blocks | AQ3: Time Started | AR3: Temp | AS3: Bin Seal Grade | AV3: Int. | AX3: Qty. of Blocks | AY3: Time Started | AZ3: Temp | BA3: Bin Seal Grade | BD3: Int. | BF3: Qty. of Blocks | BG3: Time Started | BH3: Temp | BI3: Bin Seal Grade | BL3: Int. | BN3: Qty. of Blocks | BO3: Time Started | BP3: Temp | BQ3: Bin Seal Grade | BT3: Int. | BV3: Qty. of Blocks | BW3: Time Started | BX3: Temp | BY3: Bin Seal Grade | CB3: Int. | CD3: Qty. of Blocks | CE3: Time Started | CF3: Temp | CG3: Bin Seal Grade | CJ3: Int. | CL3: Qty. of Blocks | CM3: Time Started | CN3: Temp | CO3: Bin Seal Grade | CR3: Int.
A4: 1 | I4: 1 | Q4: 1 | Y4: 1 | AG4: 1 | AO4: 1 | AW4: 1 | BE4: 1 | BM4: 1 | BU4: 1 | CC4: 1 | CK4: 1
A5: 2 | I5: 2 | Q5: 2 | Y5: 2 | AG5: 2 | AO5: 2 | AW5: 2 | BE5: 2 | BM5: 2 | BU5: 2 | CC5: 2 | CK5: 2
A6: 3 | I6: 3 | Q6: 3 | Y6: 3 | AG6: 3 | AO6: 3 | AW6: 3 | BE6: 3 | BM6: 3 | BU6: 3 | CC6: 3 | CK6: 3
A7: 4 | I7: 4 | Q7: 4 | Y7: 4 | AG7: 4 | AO7: 4 | AW7: 4 | BE7: 4 | BM7: 4 | BU7: 4 | CC7: 4 | CK7: 4
A8: 5 | I8: 5 | Q8: 5 | Y8: 5 | AG8: 5 | AO8: 5 | AW8: 5 | BE8: 5 | BM8: 5 | BU8: 5 | CC8: 5 | CK8: 5
A9: 6 | I9: 6 | Q9: 6 | Y9: 6 | AG9: 6 | AO9: 6 | AW9: 6 | BE9: 6 | BM9: 6 | BU9: 6 | CC9: 6 | CK9: 6
A10: 7 | I10: 7 | Q10: 7 | Y10: 7 | AG10: 7 | AO10: 7 | AW10: 7 | BE10: 7 | BM10: 7 | BU10: 7 | CC10: 7 | CK10: 7
A11: 8 | I11: 8 | Q11: 8 | Y11: 8 | AG11: 8 | AO11: 8 | AW11: 8 | BE11: 8 | BM11: 8 | BU11: 8 | CC11: 8 | CK11: 8
A12: 9 | I12: 9 | Q12: 9 | Y12: 9 | AG12: 9 | AO12: 9 | AW12: 9 | BE12: 9 | BM12: 9 | BU12: 9 | CC12: 9 | CK12: 9
A13: 10 | I13: 10 | Q13: 10 | Y13: 10 | AG13: 10 | AO13: 10 | AW13: 10 | BE13: 10 | BM13: 10 | BU13: 10 | CC13: 10 | CK13: 10
A14: 11 | I14: 11 | Q14: 11 | Y14: 11 | AG14: 11 | AO14: 11 | AW14: 11 | BE14: 11 | BM14: 11 | BU14: 11 | CC14: 11 | CK14: 11
A15: 12 | I15: 12 | Q15: 12 | Y15: 12 | AG15: 12 | AO15: 12 | AW15: 12 | BE15: 12 | BM15: 12 | BU15: 12 | CC15: 12 | CK15: 12
... A63: 60 | I63: 60 | Q63: 60 | Y63: 60 | AG63: 60 | AO63: 60 | AW63: 60 | BE63: 60 | BM63: 60 | BU63: 60 | CC63: 60 | CK63: 60
B64: =SUM(B4:B63)*40 -> 0 | F64: =SUM(B4:B63) -> 0 | J64: =SUM(J4:J63)*40 -> 0 | N64: =SUM(J4:J63) -> 0 | R64: =SUM(R4:R63)*40 -> 0 | V64: =SUM(R4:R63) -> 0 | Z64: =SUM(Z4:Z63)*40 -> 0 | AD64: =SUM(Z4:Z63) -> 0 | AH64: =SUM(AH4:AH63)*40 -> 0 | AL64: =SUM(AH4:AH63) -> 0 | AP64: =SUM(AP4:AP63)*40 -> 0 | AT64: =SUM(AP4:AP63) -> 0 | AX64: =SUM(AX4:AX63)*40 -> 0 | BB64: =SUM(AX4:AX63) -> 0 | BF64: =SUM(BF4:BF63)*40 -> 0 | BJ64: =SUM(BF4:BF63) -> 0 | BN64: =SUM(BN4:BN63)*40 -> 0 | BR64: =SUM(BN4:BN63) -> 0 | BV64: =SUM(BV4:BV63)*40 -> 0 | BZ64: =SUM(BV4:BV63) -> 0 | CD64: =SUM(CD4:CD63)*40 -> 0 | CH64: =SUM(CD4:CD63) -> 0 | CL64: =SUM(CL4:CL63)*40 -> 0 | CP64: =SUM(CL4:CL63) -> 0
B65: Total Weight of Date | F65: Total Bins of Date | J65: Total Weight of Date | N65: Total Bins of Date | R65: Total Weight of Date | V65: Total Bins of Date | Z65: Total Weight of Date | AD65: Total Bins of Date | AH65: Total Weight of Date | AL65: Total Bins of Date | AP65: Total Weight of Date | AT65: Total Bins of Date | AX65: Total Weight of Date | BB65: Total Bins of Date | BF65: Total Weight of Date | BJ65: Total Bins of Date | BN65: Total Weight of Date | BR65: Total Bins of Date | BV65: Total Weight of Date | BZ65: Total Bins of Date | CD65: Total Weight of Date | CH65: Total Bins of Date | CL65: Total Weight of Date | CP65: Total Bins of Date

Sheet Parm40#
A1: 008-000006--Parm Blocks 40 lb RW | D1: Ttl. Tts. | E1: =F64+N64+V64+AD64+AL64+AT64+BB64+BJ64+BR64+BZ64+CH64+CP64 -> 0 | F1: Ttl. Wt. | G1: =B64+J64+R64+Z64+AH64+AP64+AX64+BF64+BN64+BV64+CD64+CL64 -> 0 | I1: 008-000006--Parm Blocks 40 lb RW | Q1: 008-000006--Parm Blocks 40 lb RW | Y1: 008-000006--Parm Blocks 40 lb RW | AG1: 008-000006--Parm Blocks 40 lb RW | AO1: 008-000006--Parm Blocks 40 lb RW | AW1: 008-000006--Parm Blocks 40 lb RW | BE1: 008-000006--Parm Blocks 40 lb RW | BM1: 008-000006--Parm Blocks 40 lb RW | BU1: 008-000006--Parm Blocks 40 lb RW | CC1: 008-000006--Parm Blocks 40 lb RW | CK1: 008-000006--Parm Blocks 40 lb RW
B2: Date= | F2: Firmness F=Firm S=Soft | G2: Delvicid Used Y/N | J2: Date= | N2: Firmness F=Firm S=Soft | O2: Delvicid Used Y/N | R2: Date= | V2: Firmness F=Firm S=Soft | W2: Delvicid Used Y/N | Z2: Date= | AD2: Firmness F=Firm S=Soft | AE2: Delvicid Used Y/N | AH2: Date= | AL2: Firmness F=Firm S=Soft | AM2: Delvicid Used Y/N | AP2: Date= | AT2: Firmness F=Firm S=Soft | AU2: Delvicid Used Y/N | AX2: Date= | BB2: Firmness F=Firm S=Soft | BC2: Delvicid Used Y/N | BF2: Date= | BJ2: Firmness F=Firm S=Soft | BK2: Delvicid Used Y/N | BN2: Date= | BR2: Firmness F=Firm S=Soft | BS2: Delvicid Used Y/N | BV2: Date= | BZ2: Firmness F=Firm S=Soft | CA2: Delvicid Used Y/N | CD2: Date= | CH2: Firmness F=Firm S=Soft | CI2: Delvicid Used Y/N | CL2: Date= | CP2: Firmness F=Firm S=Soft | CQ2: Delvicid Used Y/N
B3: Qty. of Blocks | C3: Time Started | D3: Temp | E3: Bin Seal Grade | H3: Int. | J3: Qty. of Blocks | K3: Time Started | L3: Temp | M3: Bin Seal Grade | P3: Int. | R3: Qty. of Blocks | S3: Time Started | T3: Temp | U3: Bin Seal Grade | X3: Int. | Z3: Qty. of Blocks | AA3: Time Started | AB3: Temp | AC3: Bin Seal Grade | AF3: Int. | AH3: Qty. of Blocks | AI3: Time Started | AJ3: Temp | AK3: Bin Seal Grade | AN3: Int. | AP3: Qty. of Blocks | AQ3: Time Started | AR3: Temp | AS3: Bin Seal Grade | AV3: Int. | AX3: Qty. of Blocks | AY3: Time Started | AZ3: Temp | BA3: Bin Seal Grade | BD3: Int. | BF3: Qty. of Blocks | BG3: Time Started | BH3: Temp | BI3: Bin Seal Grade | BL3: Int. | BN3: Qty. of Blocks | BO3: Time Started | BP3: Temp | BQ3: Bin Seal Grade | BT3: Int. | BV3: Qty. of Blocks | BW3: Time Started | BX3: Temp | BY3: Bin Seal Grade | CB3: Int. | CD3: Qty. of Blocks | CE3: Time Started | CF3: Temp | CG3: Bin Seal Grade | CJ3: Int. | CL3: Qty. of Blocks | CM3: Time Started | CN3: Temp | CO3: Bin Seal Grade | CR3: Int.
A4: 1 | I4: 1 | Q4: 1 | Y4: 1 | AG4: 1 | AO4: 1 | AW4: 1 | BE4: 1 | BM4: 1 | BU4: 1 | CC4: 1 | CK4: 1
A5: 2 | I5: 2 | Q5: 2 | Y5: 2 | AG5: 2 | AO5: 2 | AW5: 2 | BE5: 2 | BM5: 2 | BU5: 2 | CC5: 2 | CK5: 2
A6: 3 | I6: 3 | Q6: 3 | Y6: 3 | AG6: 3 | AO6: 3 | AW6: 3 | BE6: 3 | BM6: 3 | BU6: 3 | CC6: 3 | CK6: 3
A7: 4 | I7: 4 | Q7: 4 | Y7: 4 | AG7: 4 | AO7: 4 | AW7: 4 | BE7: 4 | BM7: 4 | BU7: 4 | CC7: 4 | CK7: 4
A8: 5 | I8: 5 | Q8: 5 | Y8: 5 | AG8: 5 | AO8: 5 | AW8: 5 | BE8: 5 | BM8: 5 | BU8: 5 | CC8: 5 | CK8: 5
A9: 6 | I9: 6 | Q9: 6 | Y9: 6 | AG9: 6 | AO9: 6 | AW9: 6 | BE9: 6 | BM9: 6 | BU9: 6 | CC9: 6 | CK9: 6
A10: 7 | I10: 7 | Q10: 7 | Y10: 7 | AG10: 7 | AO10: 7 | AW10: 7 | BE10: 7 | BM10: 7 | BU10: 7 | CC10: 7 | CK10: 7
A11: 8 | I11: 8 | Q11: 8 | Y11: 8 | AG11: 8 | AO11: 8 | AW11: 8 | BE11: 8 | BM11: 8 | BU11: 8 | CC11: 8 | CK11: 8
A12: 9 | I12: 9 | Q12: 9 | Y12: 9 | AG12: 9 | AO12: 9 | AW12: 9 | BE12: 9 | BM12: 9 | BU12: 9 | CC12: 9 | CK12: 9
A13: 10 | I13: 10 | Q13: 10 | Y13: 10 | AG13: 10 | AO13: 10 | AW13: 10 | BE13: 10 | BM13: 10 | BU13: 10 | CC13: 10 | CK13: 10
A14: 11 | I14: 11 | Q14: 11 | Y14: 11 | AG14: 11 | AO14: 11 | AW14: 11 | BE14: 11 | BM14: 11 | BU14: 11 | CC14: 11 | CK14: 11
A15: 12 | I15: 12 | Q15: 12 | Y15: 12 | AG15: 12 | AO15: 12 | AW15: 12 | BE15: 12 | BM15: 12 | BU15: 12 | CC15: 12 | CK15: 12
... A63: 60 | I63: 60 | Q63: 60 | Y63: 60 | AG63: 60 | AO63: 60 | AW63: 60 | BE63: 60 | BM63: 60 | BU63: 60 | CC63: 60 | CK63: 60
B64: =SUM(B4:B63)*40 -> 0 | F64: =SUM(B4:B63) -> 0 | J64: =SUM(J4:J63)*40 -> 0 | N64: =SUM(J4:J63) -> 0 | R64: =SUM(R4:R63)*40 -> 0 | V64: =SUM(R4:R63) -> 0 | Z64: =SUM(Z4:Z63)*40 -> 0 | AD64: =SUM(Z4:Z63) -> 0 | AH64: =SUM(AH4:AH63)*40 -> 0 | AL64: =SUM(AH4:AH63) -> 0 | AP64: =SUM(AP4:AP63)*40 -> 0 | AT64: =SUM(AP4:AP63) -> 0 | AX64: =SUM(AX4:AX63)*40 -> 0 | BB64: =SUM(AX4:AX63) -> 0 | BF64: =SUM(BF4:BF63)*40 -> 0 | BJ64: =SUM(BF4:BF63) -> 0 | BN64: =SUM(BN4:BN63)*40 -> 0 | BR64: =SUM(BN4:BN63) -> 0 | BV64: =SUM(BV4:BV63)*40 -> 0 | BZ64: =SUM(BV4:BV63) -> 0 | CD64: =SUM(CD4:CD63)*40 -> 0 | CH64: =SUM(CD4:CD63) -> 0 | CL64: =SUM(CL4:CL63)*40 -> 0 | CP64: =SUM(CL4:CL63) -> 0
B65: Total Weight of Date | F65: Total Bins of Date | J65: Total Weight of Date | N65: Total Bins of Date | R65: Total Weight of Date | V65: Total Bins of Date | Z65: Total Weight of Date | AD65: Total Bins of Date | AH65: Total Weight of Date | AL65: Total Bins of Date | AP65: Total Weight of Date | AT65: Total Bins of Date | AX65: Total Weight of Date | BB65: Total Bins of Date | BF65: Total Weight of Date | BJ65: Total Bins of Date | BN65: Total Weight of Date | BR65: Total Bins of Date | BV65: Total Weight of Date | BZ65: Total Bins of Date | CD65: Total Weight of Date | CH65: Total Bins of Date | CL65: Total Weight of Date | CP65: Total Bins of Date

Sheet WhiteChed40#
A1: 008-000010--White Ched Blocks 40 lb RW | D1: Ttl. Tts. | E1: =F64+N64+V64+AD64+AL64+AT64+BB64+BJ64+BR64+BZ64+CH64+CP64 -> 0 | F1: Ttl. Wt. | G1: =B64+J64+R64+Z64+AH64+AP64+AX64+BF64+BN64+BV64+CD64+CL64 -> 0 | I1: 008-000010--White Ched Blocks 40 lb RW | Q1: 008-000010--White Ched Blocks 40 lb RW | Y1: 008-000010--White Ched Blocks 40 lb RW | AG1: 008-000010--White Ched Blocks 40 lb RW | AO1: 008-000010--White Ched Blocks 40 lb RW | AW1: 008-000010--White Ched Blocks 40 lb RW | BE1: 008-000010--White Ched Blocks 40 lb RW | BM1: 008-000010--White Ched Blocks 40 lb RW | BU1: 008-000010--White Ched Blocks 40 lb RW | CC1: 008-000010--White Ched Blocks 40 lb RW | CK1: 008-000010--White Ched Blocks 40 lb RW
B2: Date= | F2: Firmness F=Firm S=Soft | G2: Delvicid Used Y/N | J2: Date= | N2: Firmness F=Firm S=Soft | O2: Delvicid Used Y/N | R2: Date= | V2: Firmness F=Firm S=Soft | W2: Delvicid Used Y/N | Z2: Date= | AD2: Firmness F=Firm S=Soft | AE2: Delvicid Used Y/N | AH2: Date= | AL2: Firmness F=Firm S=Soft | AM2: Delvicid Used Y/N | AP2: Date= | AT2: Firmness F=Firm S=Soft | AU2: Delvicid Used Y/N | AX2: Date= | BB2: Firmness F=Firm S=Soft | BC2: Delvicid Used Y/N | BF2: Date= | BJ2: Firmness F=Firm S=Soft | BK2: Delvicid Used Y/N | BN2: Date= | BR2: Firmness F=Firm S=Soft | BS2: Delvicid Used Y/N | BV2: Date= | BZ2: Firmness F=Firm S=Soft | CA2: Delvicid Used Y/N | CD2: Date= | CH2: Firmness F=Firm S=Soft | CI2: Delvicid Used Y/N | CL2: Date= | CP2: Firmness F=Firm S=Soft | CQ2: Delvicid Used Y/N
B3: Qty. of Blocks | C3: Time Started | D3: Temp | E3: Bin Seal Grade | H3: Int. | J3: Qty. of Blocks | K3: Time Started | L3: Temp | M3: Bin Seal Grade | P3: Int. | R3: Qty. of Blocks | S3: Time Started | T3: Temp | U3: Bin Seal Grade | X3: Int. | Z3: Qty. of Blocks | AA3: Time Started | AB3: Temp | AC3: Bin Seal Grade | AF3: Int. | AH3: Qty. of Blocks | AI3: Time Started | AJ3: Temp | AK3: Bin Seal Grade | AN3: Int. | AP3: Qty. of Blocks | AQ3: Time Started | AR3: Temp | AS3: Bin Seal Grade | AV3: Int. | AX3: Qty. of Blocks | AY3: Time Started | AZ3: Temp | BA3: Bin Seal Grade | BD3: Int. | BF3: Qty. of Blocks | BG3: Time Started | BH3: Temp | BI3: Bin Seal Grade | BL3: Int. | BN3: Qty. of Blocks | BO3: Time Started | BP3: Temp | BQ3: Bin Seal Grade | BT3: Int. | BV3: Qty. of Blocks | BW3: Time Started | BX3: Temp | BY3: Bin Seal Grade | CB3: Int. | CD3: Qty. of Blocks | CE3: Time Started | CF3: Temp | CG3: Bin Seal Grade | CJ3: Int. | CL3: Qty. of Blocks | CM3: Time Started | CN3: Temp | CO3: Bin Seal Grade | CR3: Int.
A4: 1 | I4: 1 | Q4: 1 | Y4: 1 | AG4: 1 | AO4: 1 | AW4: 1 | BE4: 1 | BM4: 1 | BU4: 1 | CC4: 1 | CK4: 1
A5: 2 | I5: 2 | Q5: 2 | Y5: 2 | AG5: 2 | AO5: 2 | AW5: 2 | BE5: 2 | BM5: 2 | BU5: 2 | CC5: 2 | CK5: 2
A6: 3 | I6: 3 | Q6: 3 | Y6: 3 | AG6: 3 | AO6: 3 | AW6: 3 | BE6: 3 | BM6: 3 | BU6: 3 | CC6: 3 | CK6: 3
A7: 4 | I7: 4 | Q7: 4 | Y7: 4 | AG7: 4 | AO7: 4 | AW7: 4 | BE7: 4 | BM7: 4 | BU7: 4 | CC7: 4 | CK7: 4
A8: 5 | I8: 5 | Q8: 5 | Y8: 5 | AG8: 5 | AO8: 5 | AW8: 5 | BE8: 5 | BM8: 5 | BU8: 5 | CC8: 5 | CK8: 5
A9: 6 | I9: 6 | Q9: 6 | Y9: 6 | AG9: 6 | AO9: 6 | AW9: 6 | BE9: 6 | BM9: 6 | BU9: 6 | CC9: 6 | CK9: 6
A10: 7 | I10: 7 | Q10: 7 | Y10: 7 | AG10: 7 | AO10: 7 | AW10: 7 | BE10: 7 | BM10: 7 | BU10: 7 | CC10: 7 | CK10: 7
A11: 8 | I11: 8 | Q11: 8 | Y11: 8 | AG11: 8 | AO11: 8 | AW11: 8 | BE11: 8 | BM11: 8 | BU11: 8 | CC11: 8 | CK11: 8
A12: 9 | I12: 9 | Q12: 9 | Y12: 9 | AG12: 9 | AO12: 9 | AW12: 9 | BE12: 9 | BM12: 9 | BU12: 9 | CC12: 9 | CK12: 9
A13: 10 | I13: 10 | Q13: 10 | Y13: 10 | AG13: 10 | AO13: 10 | AW13: 10 | BE13: 10 | BM13: 10 | BU13: 10 | CC13: 10 | CK13: 10
A14: 11 | I14: 11 | Q14: 11 | Y14: 11 | AG14: 11 | AO14: 11 | AW14: 11 | BE14: 11 | BM14: 11 | BU14: 11 | CC14: 11 | CK14: 11
A15: 12 | I15: 12 | Q15: 12 | Y15: 12 | AG15: 12 | AO15: 12 | AW15: 12 | BE15: 12 | BM15: 12 | BU15: 12 | CC15: 12 | CK15: 12
... A63: 60 | I63: 60 | Q63: 60 | Y63: 60 | AG63: 60 | AO63: 60 | AW63: 60 | BE63: 60 | BM63: 60 | BU63: 60 | CC63: 60 | CK63: 60
B64: =SUM(B4:B63)*40 -> 0 | F64: =SUM(B4:B63) -> 0 | J64: =SUM(J4:J63)*40 -> 0 | N64: =SUM(J4:J63) -> 0 | R64: =SUM(R4:R63)*40 -> 0 | V64: =SUM(R4:R63) -> 0 | Z64: =SUM(Z4:Z63)*40 -> 0 | AD64: =SUM(Z4:Z63) -> 0 | AH64: =SUM(AH4:AH63)*40 -> 0 | AL64: =SUM(AH4:AH63) -> 0 | AP64: =SUM(AP4:AP63)*40 -> 0 | AT64: =SUM(AP4:AP63) -> 0 | AX64: =SUM(AX4:AX63)*40 -> 0 | BB64: =SUM(AX4:AX63) -> 0 | BF64: =SUM(BF4:BF63)*40 -> 0 | BJ64: =SUM(BF4:BF63) -> 0 | BN64: =SUM(BN4:BN63)*40 -> 0 | BR64: =SUM(BN4:BN63) -> 0 | BV64: =SUM(BV4:BV63)*40 -> 0 | BZ64: =SUM(BV4:BV63) -> 0 | CD64: =SUM(CD4:CD63)*40 -> 0 | CH64: =SUM(CD4:CD63) -> 0 | CL64: =SUM(CL4:CL63)*40 -> 0 | CP64: =SUM(CL4:CL63) -> 0
B65: Total Weight of Date | F65: Total Bins of Date | J65: Total Weight of Date | N65: Total Bins of Date | R65: Total Weight of Date | V65: Total Bins of Date | Z65: Total Weight of Date | AD65: Total Bins of Date | AH65: Total Weight of Date | AL65: Total Bins of Date | AP65: Total Weight of Date | AT65: Total Bins of Date | AX65: Total Weight of Date | BB65: Total Bins of Date | BF65: Total Weight of Date | BJ65: Total Bins of Date | BN65: Total Weight of Date | BR65: Total Bins of Date | BV65: Total Weight of Date | BZ65: Total Bins of Date | CD65: Total Weight of Date | CH65: Total Bins of Date | CL65: Total Weight of Date | CP65: Total Bins of Date

Sheet MuensterCS
A1: 008-000022--Muenter Cases 6/6 lb | F1: Cases | G1: =B64+L64+V64+AF64+AP64+AZ64+BJ64 -> 0 | H1: Ttl. Wt. | I1: =D64+N64+X64+AH64+AR64+BB64+BL64 -> 0 | L1: 008-000022--Muenter Cases 6/6 lb | V1: 008-000022--Muenter Cases 6/6 lb | AF1: 008-000022--Muenter Cases 6/6 lb | AP1: 008-000022--Muenter Cases 6/6 lb | AZ1: 008-000022--Muenter Cases 6/6 lb | BJ1: 008-000022--Muenter Cases 6/6 lb
B2: Date= | H2: Firmness F=Firm S=Soft | I2: Delvicid Used Y/N | L2: Date= | R2: Firmness F=Firm S=Soft | S2: Delvicid Used Y/N | V2: Date= | AB2: Firmness F=Firm S=Soft | AC2: Delvicid Used Y/N | AF2: Date= | AL2: Firmness F=Firm S=Soft | AM2: Delvicid Used Y/N | AP2: Date= | AV2: Firmness F=Firm S=Soft | AW2: Delvicid Used Y/N | AZ2: Date= | BF2: Firmness F=Firm S=Soft | BG2: Delvicid Used Y/N | BJ2: Date= | BP2: Firmness F=Firm S=Soft | BQ2: Delvicid Used Y/N
B3: Case | C3: Number of Pieces Used | D3: Weight | E3: Time Started | F3: Temp | G3: Bin Seal Grade | J3: Int. | L3: Case | M3: Number of Pieces Used | N3: Weight | O3: Time Started | P3: Temp | Q3: Bin Seal Grade | T3: Int. | V3: Case | W3: Number of Pieces Used | X3: Weight | Y3: Time Started | Z3: Temp | AA3: Bin Seal Grade | AD3: Int. | AF3: Case | AG3: Number of Pieces Used | AH3: Weight | AI3: Time Started | AJ3: Temp | AK3: Bin Seal Grade | AN3: Int. | AP3: Case | AQ3: Number of Pieces Used | AR3: Weight | AS3: Time Started | AT3: Temp | AU3: Bin Seal Grade | AX3: Int. | AZ3: Case | BA3: Number of Pieces Used | BB3: Weight | BC3: Time Started | BD3: Temp | BE3: Bin Seal Grade | BH3: Int. | BJ3: Case | BK3: Number of Pieces Used | BL3: Weight | BM3: Time Started | BN3: Temp | BO3: Bin Seal Grade | BR3: Int.
A4: 1 | K4: 1 | U4: 1 | AE4: 1 | AO4: 1 | AY4: 1 | BI4: 1
A5: 2 | K5: 2 | U5: 2 | AE5: 2 | AO5: 2 | AY5: 2 | BI5: 2
A6: 3 | K6: 3 | U6: 3 | AE6: 3 | AO6: 3 | AY6: 3 | BI6: 3
A7: 4 | K7: 4 | U7: 4 | AE7: 4 | AO7: 4 | AY7: 4 | BI7: 4
A8: 5 | K8: 5 | U8: 5 | AE8: 5 | AO8: 5 | AY8: 5 | BI8: 5
A9: 6 | K9: 6 | U9: 6 | AE9: 6 | AO9: 6 | AY9: 6 | BI9: 6
A10: 7 | K10: 7 | U10: 7 | AE10: 7 | AO10: 7 | AY10: 7 | BI10: 7
A11: 8 | K11: 8 | U11: 8 | AE11: 8 | AO11: 8 | AY11: 8 | BI11: 8
A12: 9 | K12: 9 | U12: 9 | AE12: 9 | AO12: 9 | AY12: 9 | BI12: 9
A13: 10 | K13: 10 | U13: 10 | AE13: 10 | AO13: 10 | AY13: 10 | BI13: 10
A14: 11 | K14: 11 | U14: 11 | AE14: 11 | AO14: 11 | AY14: 11 | BI14: 11
A15: 12 | K15: 12 | U15: 12 | AE15: 12 | AO15: 12 | AY15: 12 | BI15: 12
... A63: 60 | K63: 60 | U63: 60 | AE63: 60 | AO63: 60 | AY63: 60 | BI63: 60
B64: =COUNTA(B4:B63) -> 0 | D64: =SUM(D4:D63) -> 0 | L64: =COUNTA(L4:L63) -> 0 | N64: =SUM(N4:N63) -> 0 | V64: =COUNTA(V4:V63) -> 0 | X64: =SUM(X4:X63) -> 0 | AF64: =COUNTA(AF4:AF63) -> 0 | AH64: =SUM(AH4:AH63) -> 0 | AP64: =COUNTA(AP4:AP63) -> 0 | AR64: =SUM(AR4:AR63) -> 0 | AZ64: =COUNTA(AZ4:AZ63) -> 0 | BB64: =SUM(BB4:BB63) -> 0 | BJ64: =COUNTA(BJ4:BJ63) -> 0 | BL64: =SUM(BL4:BL63) -> 0
B65: Total Bins of Date | D65: Total Weight of Date | L65: Total Bins of Date | N65: Total Weight of Date | V65: Total Bins of Date | X65: Total Weight of Date | AF65: Total Bins of Date | AH65: Total Weight of Date | AP65: Total Bins of Date | AR65: Total Weight of Date | AZ65: Total Bins of Date | BB65: Total Weight of Date | BJ65: Total Bins of Date | BL65: Total Weight of Date

Sheet ProvLogCS
A1: 008-000007--Provolone Cases 3/12 lb | F1: Cases | G1: =B64+L64+V64+AF64+AP64+AZ64+BJ64 -> 0 | H1: Ttl. Wt. | I1: =D64+N64+X64+AH64+AR64+BB64+BL64 -> 0 | L1: 008-000007--Provolone Cases 3/12 lb | V1: 008-000007--Provolone Cases 3/12 lb | AF1: 008-000007--Provolone Cases 3/12 lb | AP1: 008-000007--Provolone Cases 3/12 lb | AZ1: 008-000007--Provolone Cases 3/12 lb | BJ1: 008-000007--Provolone Cases 3/12 lb
B2: Date= | H2: Firmness F=Firm S=Soft | I2: Delvicid Used Y/N | L2: Date= | R2: Firmness F=Firm S=Soft | S2: Delvicid Used Y/N | V2: Date= | AB2: Firmness F=Firm S=Soft | AC2: Delvicid Used Y/N | AF2: Date= | AL2: Firmness F=Firm S=Soft | AM2: Delvicid Used Y/N | AP2: Date= | AV2: Firmness F=Firm S=Soft | AW2: Delvicid Used Y/N | AZ2: Date= | BF2: Firmness F=Firm S=Soft | BG2: Delvicid Used Y/N | BJ2: Date= | BP2: Firmness F=Firm S=Soft | BQ2: Delvicid Used Y/N
B3: Case | C3: Number of Pieces Used | D3: Weight | E3: Time Started | F3: Temp | G3: Bin Seal Grade | J3: Int. | L3: Case | M3: Number of Pieces Used | N3: Weight | O3: Time Started | P3: Temp | Q3: Bin Seal Grade | T3: Int. | V3: Case | W3: Number of Pieces Used | X3: Weight | Y3: Time Started | Z3: Temp | AA3: Bin Seal Grade | AD3: Int. | AF3: Case | AG3: Number of Pieces Used | AH3: Weight | AI3: Time Started | AJ3: Temp | AK3: Bin Seal Grade | AN3: Int. | AP3: Case | AQ3: Number of Pieces Used | AR3: Weight | AS3: Time Started | AT3: Temp | AU3: Bin Seal Grade | AX3: Int. | AZ3: Case | BA3: Number of Pieces Used | BB3: Weight | BC3: Time Started | BD3: Temp | BE3: Bin Seal Grade | BH3: Int. | BJ3: Case | BK3: Number of Pieces Used | BL3: Weight | BM3: Time Started | BN3: Temp | BO3: Bin Seal Grade | BR3: Int.
A4: 1 | K4: 1 | U4: 1 | AE4: 1 | AO4: 1 | AY4: 1 | BI4: 1
A5: 2 | K5: 2 | U5: 2 | AE5: 2 | AO5: 2 | AY5: 2 | BI5: 2
A6: 3 | K6: 3 | U6: 3 | AE6: 3 | AO6: 3 | AY6: 3 | BI6: 3
A7: 4 | K7: 4 | U7: 4 | AE7: 4 | AO7: 4 | AY7: 4 | BI7: 4
A8: 5 | K8: 5 | U8: 5 | AE8: 5 | AO8: 5 | AY8: 5 | BI8: 5
A9: 6 | K9: 6 | U9: 6 | AE9: 6 | AO9: 6 | AY9: 6 | BI9: 6
A10: 7 | K10: 7 | U10: 7 | AE10: 7 | AO10: 7 | AY10: 7 | BI10: 7
A11: 8 | K11: 8 | U11: 8 | AE11: 8 | AO11: 8 | AY11: 8 | BI11: 8
A12: 9 | K12: 9 | U12: 9 | AE12: 9 | AO12: 9 | AY12: 9 | BI12: 9
A13: 10 | K13: 10 | U13: 10 | AE13: 10 | AO13: 10 | AY13: 10 | BI13: 10
A14: 11 | K14: 11 | U14: 11 | AE14: 11 | AO14: 11 | AY14: 11 | BI14: 11
A15: 12 | K15: 12 | U15: 12 | AE15: 12 | AO15: 12 | AY15: 12 | BI15: 12
... A63: 60 | K63: 60 | U63: 60 | AE63: 60 | AO63: 60 | AY63: 60 | BI63: 60
B64: =COUNTA(B4:B63) -> 0 | D64: =SUM(D4:D63) -> 0 | L64: =COUNTA(L4:L63) -> 0 | N64: =SUM(N4:N63) -> 0 | V64: =COUNTA(V4:V63) -> 0 | X64: =SUM(X4:X63) -> 0 | AF64: =COUNTA(AF4:AF63) -> 0 | AH64: =SUM(AH4:AH63) -> 0 | AP64: =COUNTA(AP4:AP63) -> 0 | AR64: =SUM(AR4:AR63) -> 0 | AZ64: =COUNTA(AZ4:AZ63) -> 0 | BB64: =SUM(BB4:BB63) -> 0 | BJ64: =COUNTA(BJ4:BJ63) -> 0 | BL64: =SUM(BL4:BL63) -> 0
B65: Total Bins of Date | D65: Total Weight of Date | L65: Total Bins of Date | N65: Total Weight of Date | V65: Total Bins of Date | X65: Total Weight of Date | AF65: Total Bins of Date | AH65: Total Weight of Date | AP65: Total Bins of Date | AR65: Total Weight of Date | AZ65: Total Bins of Date | BB65: Total Weight of Date | BJ65: Total Bins of Date | BL65: Total Weight of Date

Sheet All Scrap
A1: 002-000035--All Scrap Totes RW | F1: Totes | G1: =B64+L64+V64+AF64+AP64+AZ64+BJ64+BT64+CD64+CN64+CX64+DH64+DR64+EB64+EL64 -> 0 | H1: Ttl. Wt. | I1: =D64+N64+X64+AH64+AR64+BB64+BL64+BV64+CF64+CP64+CZ64+DJ64+DT64+ED64+EN64 -> 0 | L1: 002-000035--All Scrap Totes RW | V1: 002-000035--All Scrap Totes RW | AF1: 002-000035--All Scrap Totes RW | AP1: 002-000035--All Scrap Totes RW | AZ1: 002-000035--All Scrap Totes RW | BJ1: 002-000035--All Scrap Totes RW | BT1: 002-000035--All Scrap Totes RW | CD1: 002-000035--All Scrap Totes RW | CN1: 002-000035--All Scrap Totes RW | CX1: 002-000035--All Scrap Totes RW | DH1: 002-000035--All Scrap Totes RW | DR1: 002-000035--All Scrap Totes RW | EB1: 002-000035--All Scrap Totes RW | EL1: 002-000035--All Scrap Totes RW
B2: Date= | H2: Firmness F=Firm S=Soft | I2: Delvicid Used Y/N | L2: Date= | R2: Firmness F=Firm S=Soft | S2: Delvicid Used Y/N | V2: Date= | AB2: Firmness F=Firm S=Soft | AC2: Delvicid Used Y/N | AF2: Date= | AL2: Firmness F=Firm S=Soft | AM2: Delvicid Used Y/N | AP2: Date= | AV2: Firmness F=Firm S=Soft | AW2: Delvicid Used Y/N | AZ2: Date= | BF2: Firmness F=Firm S=Soft | BG2: Delvicid Used Y/N | BJ2: Date= | BP2: Firmness F=Firm S=Soft | BQ2: Delvicid Used Y/N | BT2: Date= | BZ2: Firmness F=Firm S=Soft | CA2: Delvicid Used Y/N | CD2: Date= | CJ2: Firmness F=Firm S=Soft | CK2: Delvicid Used Y/N | CN2: Date= | CT2: Firmness F=Firm S=Soft | CU2: Delvicid Used Y/N | CX2: Date= | DD2: Firmness F=Firm S=Soft | DE2: Delvicid Used Y/N | DH2: Date= | DN2: Firmness F=Firm S=Soft | DO2: Delvicid Used Y/N | DR2: Date= | DX2: Firmness F=Firm S=Soft | DY2: Delvicid Used Y/N | EB2: Date= | EH2: Firmness F=Firm S=Soft | EI2: Delvicid Used Y/N | EL2: Date= | ER2: Firmness F=Firm S=Soft | ES2: Delvicid Used Y/N
B3: Tote/ Skid # | D3: Bin Weight | E3: Time Started | F3: Temp | G3: Bin Seal Grade | J3: Int. | L3: Tote/ Skid # | N3: Bin Weight | O3: Time Started | P3: Temp | Q3: Bin Seal Grade | T3: Int. | V3: Tote/ Skid # | X3: Bin Weight | Y3: Time Started | Z3: Temp | AA3: Bin Seal Grade | AD3: Int. | AF3: Tote/ Skid # | AH3: Bin Weight | AI3: Time Started | AJ3: Temp | AK3: Bin Seal Grade | AN3: Int. | AP3: Tote/ Skid # | AR3: Bin Weight | AS3: Time Started | AT3: Temp | AU3: Bin Seal Grade | AX3: Int. | AZ3: Tote/ Skid # | BB3: Bin Weight | BC3: Time Started | BD3: Temp | BE3: Bin Seal Grade | BH3: Int. | BJ3: Tote/ Skid # | BL3: Bin Weight | BM3: Time Started | BN3: Temp | BO3: Bin Seal Grade | BR3: Int. | BT3: Tote/ Skid # | BV3: Bin Weight | BW3: Time Started | BX3: Temp | BY3: Bin Seal Grade | CB3: Int. | CD3: Tote/ Skid # | CF3: Bin Weight | CG3: Time Started | CH3: Temp | CI3: Bin Seal Grade | CL3: Int. | CN3: Tote/ Skid # | CP3: Bin Weight | CQ3: Time Started | CR3: Temp | CS3: Bin Seal Grade | CV3: Int. | CX3: Tote/ Skid # | CZ3: Bin Weight | DA3: Time Started | DB3: Temp | DC3: Bin Seal Grade | DF3: Int. | DH3: Tote/ Skid # | DJ3: Bin Weight | DK3: Time Started | DL3: Temp | DM3: Bin Seal Grade | DP3: Int. | DR3: Tote/ Skid # | DT3: Bin Weight | DU3: Time Started | DV3: Temp | DW3: Bin Seal Grade | DZ3: Int. | EB3: Tote/ Skid # | ED3: Bin Weight | EE3: Time Started | EF3: Temp | EG3: Bin Seal Grade | EJ3: Int. | EL3: Tote/ Skid # | EN3: Bin Weight | EO3: Time Started | EP3: Temp | EQ3: Bin Seal Grade | ET3: Int.
A4: 1 | K4: 1 | U4: 1 | AE4: 1 | AO4: 1 | AY4: 1 | BI4: 1 | BS4: 1 | CC4: 1 | CM4: 1 | CW4: 1 | DG4: 1 | DQ4: 1 | EA4: 1 | EK4: 1
A5: 2 | K5: 2 | U5: 2 | AE5: 2 | AO5: 2 | AY5: 2 | BI5: 2 | BS5: 2 | CC5: 2 | CM5: 2 | CW5: 2 | DG5: 2 | DQ5: 2 | EA5: 2 | EK5: 2
A6: 3 | K6: 3 | U6: 3 | AE6: 3 | AO6: 3 | AY6: 3 | BI6: 3 | BS6: 3 | CC6: 3 | CM6: 3 | CW6: 3 | DG6: 3 | DQ6: 3 | EA6: 3 | EK6: 3
A7: 4 | K7: 4 | U7: 4 | AE7: 4 | AO7: 4 | AY7: 4 | BI7: 4 | BS7: 4 | CC7: 4 | CM7: 4 | CW7: 4 | DG7: 4 | DQ7: 4 | EA7: 4 | EK7: 4
A8: 5 | K8: 5 | U8: 5 | AE8: 5 | AO8: 5 | AY8: 5 | BI8: 5 | BS8: 5 | CC8: 5 | CM8: 5 | CW8: 5 | DG8: 5 | DQ8: 5 | EA8: 5 | EK8: 5
A9: 6 | K9: 6 | U9: 6 | AE9: 6 | AO9: 6 | AY9: 6 | BI9: 6 | BS9: 6 | CC9: 6 | CM9: 6 | CW9: 6 | DG9: 6 | DQ9: 6 | EA9: 6 | EK9: 6
A10: 7 | K10: 7 | U10: 7 | AE10: 7 | AO10: 7 | AY10: 7 | BI10: 7 | BS10: 7 | CC10: 7 | CM10: 7 | CW10: 7 | DG10: 7 | DQ10: 7 | EA10: 7 | EK10: 7
A11: 8 | K11: 8 | U11: 8 | AE11: 8 | AO11: 8 | AY11: 8 | BI11: 8 | BS11: 8 | CC11: 8 | CM11: 8 | CW11: 8 | DG11: 8 | DQ11: 8 | EA11: 8 | EK11: 8
A12: 9 | K12: 9 | U12: 9 | AE12: 9 | AO12: 9 | AY12: 9 | BI12: 9 | BS12: 9 | CC12: 9 | CM12: 9 | CW12: 9 | DG12: 9 | DQ12: 9 | EA12: 9 | EK12: 9
A13: 10 | K13: 10 | U13: 10 | AE13: 10 | AO13: 10 | AY13: 10 | BI13: 10 | BS13: 10 | CC13: 10 | CM13: 10 | CW13: 10 | DG13: 10 | DQ13: 10 | EA13: 10 | EK13: 10
A14: 11 | K14: 11 | U14: 11 | AE14: 11 | AO14: 11 | AY14: 11 | BI14: 11 | BS14: 11 | CC14: 11 | CM14: 11 | CW14: 11 | DG14: 11 | DQ14: 11 | EA14: 11 | EK14: 11
A15: 12 | K15: 12 | U15: 12 | AE15: 12 | AO15: 12 | AY15: 12 | BI15: 12 | BS15: 12 | CC15: 12 | CM15: 12 | CW15: 12 | DG15: 12 | DQ15: 12 | EA15: 12 | EK15: 12
... A63: 60 | K63: 60 | U63: 60 | AE63: 60 | AO63: 60 | AY63: 60 | BI63: 60 | BS63: 60 | CC63: 60 | CM63: 60 | CW63: 60 | DG63: 60 | DQ63: 60 | EA63: 60 | EK63: 60
B64: =COUNTA(B4:B63) -> 0 | D64: =SUM(D4:D63) -> 0 | L64: =COUNTA(L4:L63) -> 0 | N64: =SUM(N4:N63) -> 0 | V64: =COUNTA(V4:V63) -> 0 | X64: =SUM(X4:X63) -> 0 | AF64: =COUNTA(AF4:AF63) -> 0 | AH64: =SUM(AH4:AH63) -> 0 | AP64: =COUNTA(AP4:AP63) -> 0 | AR64: =SUM(AR4:AR63) -> 0 | AZ64: =COUNTA(AZ4:AZ63) -> 0 | BB64: =SUM(BB4:BB63) -> 0 | BJ64: =COUNTA(BJ4:BJ63) -> 0 | BL64: =SUM(BL4:BL63) -> 0 | BT64: =COUNTA(BT4:BT63) -> 0 | BV64: =SUM(BV4:BV63) -> 0 | CD64: =COUNTA(CD4:CD63) -> 0 | CF64: =SUM(CF4:CF63) -> 0 | CN64: =COUNTA(CN4:CN63) -> 0 | CP64: =SUM(CP4:CP63) -> 0 | CX64: =COUNTA(CX4:CX63) -> 0 | CZ64: =SUM(CZ4:CZ63) -> 0 | DH64: =COUNTA(DH4:DH63) -> 0 | DJ64: =SUM(DJ4:DJ63) -> 0 | DR64: =COUNTA(DR4:DR63) -> 0 | DT64: =SUM(DT4:DT63) -> 0 | EB64: =COUNTA(EB4:EB63) -> 0 | ED64: =SUM(ED4:ED63) -> 0 | EL64: =COUNTA(EL4:EL63) -> 0 | EN64: =SUM(EN4:EN63) -> 0
B65: Total Bins of Date | D65: Total Weight of Date | L65: Total Bins of Date | N65: Total Weight of Date | V65: Total Bins of Date | X65: Total Weight of Date | AF65: Total Bins of Date | AH65: Total Weight of Date | AP65: Total Bins of Date | AR65: Total Weight of Date | AZ65: Total Bins of Date | BB65: Total Weight of Date | BJ65: Total Bins of Date | BL65: Total Weight of Date | BT65: Total Bins of Date | BV65: Total Weight of Date | CD65: Total Bins of Date | CF65: Total Weight of Date | CN65: Total Bins of Date | CP65: Total Weight of Date | CX65: Total Bins of Date | CZ65: Total Weight of Date | DH65: Total Bins of Date | DJ65: Total Weight of Date | DR65: Total Bins of Date | DT65: Total Weight of Date | EB65: Total Bins of Date | ED65: Total Weight of Date | EL65: Total Bins of Date | EN65: Total Weight of Date

Sheet Powder
B1: POWDER | F1: Bags | G1: =B64+L64+V64+AF64+AP64+AZ64+BJ64 -> 0 | H1: Ttl. Wt. | I1: =D64+N64+X64+AH64+AR64+BB64+BL64 -> 0
B2: Date=
B3: Bag Count | C3: Lbs. Per Bag | D3: Weight | E3: Time Started | F3: Lot Number | G3: Initial
A4: 1 | D4: =B4*C4 -> 0
A5: 2 | D5: =B5*C5 -> 0
A6: 3 | D6: =B6*C6 -> 0
A7: 4 | D7: =B7*C7 -> 0
A8: 5 | D8: =B8*C8 -> 0
A9: 6 | D9: =B9*C9 -> 0
A10: 7 | D10: =B10*C10 -> 0
A11: 8 | D11: =B11*C11 -> 0
A12: 9 | D12: =B12*C12 -> 0
A13: 10 | D13: =B13*C13 -> 0
A14: 11 | D14: =B14*C14 -> 0
A15: 12 | D15: =B15*C15 -> 0
... A63: 60 | D63: =B63*C63 -> 0
B64: =SUM(B4:B63) -> 0 | D64: =SUM(D4:D63) -> 0
B65: Total Bags | D65: Total Weight

Sheet Rework
B1: Item# | F1: Ttl. Tts. | G1: =B64+L64+V64+AF64+AP64+AZ64+BJ64 -> 0 | H1: Ttl. Wt. | I1: =D64+N64+X64+AH64+AR64+BB64+BL64 -> 0 | L1: Item# | V1: Item# | AF1: Item# | AP1: Item# | AZ1: Item# | BJ1: Item#
B2: Date= | L2: Date= | V2: Date= | AF2: Date= | AP2: Date= | AZ2: Date= | BJ2: Date=
B3: # of Units | C3: Wt. per Unit | D3: Weight | E3: Time Started | F3: Unit Type | G3: Product Ran Into | J3: Int. | L3: # of Units | M3: Wt. per Unit | N3: Weight | O3: Time Started | P3: Unit Type | Q3: Product Ran Into | T3: Int. | V3: # of Units | W3: Wt. per Unit | X3: Weight | Y3: Time Started | Z3: Unit Type | AA3: Product Ran Into | AD3: Int. | AF3: # of Units | AG3: Wt. per Unit | AH3: Weight | AI3: Time Started | AJ3: Unit Type | AK3: Product Ran Into | AN3: Int. | AP3: # of Units | AQ3: Wt. per Unit | AR3: Weight | AS3: Time Started | AT3: Unit Type | AU3: Product Ran Into | AX3: Int. | AZ3: # of Units | BA3: Wt. per Unit | BB3: Weight | BC3: Time Started | BD3: Unit Type | BE3: Product Ran Into | BH3: Int. | BJ3: # of Units | BK3: Wt. per Unit | BL3: Weight | BM3: Time Started | BN3: Unit Type | BO3: Product Ran Into | BR3: Int.
A4: 1 | D4: =C4*B4 -> 0 | K4: 1 | N4: =M4*L4 -> 0 | U4: 1 | X4: =W4*V4 -> 0 | AE4: 1 | AH4: =AG4*AF4 -> 0 | AO4: 1 | AR4: =AQ4*AP4 -> 0 | AY4: 1 | BB4: =BA4*AZ4 -> 0 | BI4: 1 | BL4: =BK4*BJ4 -> 0
A5: 2 | D5: =C5*B5 -> 0 | K5: 2 | N5: =M5*L5 -> 0 | U5: 2 | X5: =W5*V5 -> 0 | AE5: 2 | AH5: =AG5*AF5 -> 0 | AO5: 2 | AR5: =AQ5*AP5 -> 0 | AY5: 2 | BB5: =BA5*AZ5 -> 0 | BI5: 2 | BL5: =BK5*BJ5 -> 0
A6: 3 | D6: =C6*B6 -> 0 | K6: 3 | N6: =M6*L6 -> 0 | U6: 3 | X6: =W6*V6 -> 0 | AE6: 3 | AH6: =AG6*AF6 -> 0 | AO6: 3 | AR6: =AQ6*AP6 -> 0 | AY6: 3 | BB6: =BA6*AZ6 -> 0 | BI6: 3 | BL6: =BK6*BJ6 -> 0
A7: 4 | D7: =C7*B7 -> 0 | K7: 4 | N7: =M7*L7 -> 0 | U7: 4 | X7: =W7*V7 -> 0 | AE7: 4 | AH7: =AG7*AF7 -> 0 | AO7: 4 | AR7: =AQ7*AP7 -> 0 | AY7: 4 | BB7: =BA7*AZ7 -> 0 | BI7: 4 | BL7: =BK7*BJ7 -> 0
A8: 5 | D8: =C8*B8 -> 0 | K8: 5 | N8: =M8*L8 -> 0 | U8: 5 | X8: =W8*V8 -> 0 | AE8: 5 | AH8: =AG8*AF8 -> 0 | AO8: 5 | AR8: =AQ8*AP8 -> 0 | AY8: 5 | BB8: =BA8*AZ8 -> 0 | BI8: 5 | BL8: =BK8*BJ8 -> 0
A9: 6 | D9: =C9*B9 -> 0 | K9: 6 | N9: =M9*L9 -> 0 | U9: 6 | X9: =W9*V9 -> 0 | AE9: 6 | AH9: =AG9*AF9 -> 0 | AO9: 6 | AR9: =AQ9*AP9 -> 0 | AY9: 6 | BB9: =BA9*AZ9 -> 0 | BI9: 6 | BL9: =BK9*BJ9 -> 0
A10: 7 | D10: =C10*B10 -> 0 | K10: 7 | N10: =M10*L10 -> 0 | U10: 7 | X10: =W10*V10 -> 0 | AE10: 7 | AH10: =AG10*AF10 -> 0 | AO10: 7 | AR10: =AQ10*AP10 -> 0 | AY10: 7 | BB10: =BA10*AZ10 -> 0 | BI10: 7 | BL10: =BK10*BJ10 -> 0
A11: 8 | D11: =C11*B11 -> 0 | K11: 8 | N11: =M11*L11 -> 0 | U11: 8 | X11: =W11*V11 -> 0 | AE11: 8 | AH11: =AG11*AF11 -> 0 | AO11: 8 | AR11: =AQ11*AP11 -> 0 | AY11: 8 | BB11: =BA11*AZ11 -> 0 | BI11: 8 | BL11: =BK11*BJ11 -> 0
A12: 9 | D12: =C12*B12 -> 0 | K12: 9 | N12: =M12*L12 -> 0 | U12: 9 | X12: =W12*V12 -> 0 | AE12: 9 | AH12: =AG12*AF12 -> 0 | AO12: 9 | AR12: =AQ12*AP12 -> 0 | AY12: 9 | BB12: =BA12*AZ12 -> 0 | BI12: 9 | BL12: =BK12*BJ12 -> 0
A13: 10 | D13: =C13*B13 -> 0 | K13: 10 | N13: =M13*L13 -> 0 | U13: 10 | X13: =W13*V13 -> 0 | AE13: 10 | AH13: =AG13*AF13 -> 0 | AO13: 10 | AR13: =AQ13*AP13 -> 0 | AY13: 10 | BB13: =BA13*AZ13 -> 0 | BI13: 10 | BL13: =BK13*BJ13 -> 0
A14: 11 | D14: =C14*B14 -> 0 | K14: 11 | N14: =M14*L14 -> 0 | U14: 11 | X14: =W14*V14 -> 0 | AE14: 11 | AH14: =AG14*AF14 -> 0 | AO14: 11 | AR14: =AQ14*AP14 -> 0 | AY14: 11 | BB14: =BA14*AZ14 -> 0 | BI14: 11 | BL14: =BK14*BJ14 -> 0
A15: 12 | D15: =C15*B15 -> 0 | K15: 12 | N15: =M15*L15 -> 0 | U15: 12 | X15: =W15*V15 -> 0 | AE15: 12 | AH15: =AG15*AF15 -> 0 | AO15: 12 | AR15: =AQ15*AP15 -> 0 | AY15: 12 | BB15: =BA15*AZ15 -> 0 | BI15: 12 | BL15: =BK15*BJ15 -> 0
... A63: 60 | D63: =C63*B63 -> 0 | K63: 60 | N63: =M63*L63 -> 0 | U63: 60 | X63: =W63*V63 -> 0 | AE63: 60 | AH63: =AG63*AF63 -> 0 | AO63: 60 | AR63: =AQ63*AP63 -> 0 | AY63: 60 | BB63: =BA63*AZ63 -> 0 | BI63: 60 | BL63: =BK63*BJ63 -> 0
B64: =COUNTA(B4:B63) -> 0 | D64: =SUM(D4:D63) -> 0 | L64: =COUNTA(L4:L63) -> 0 | N64: =SUM(N4:N63) -> 0 | V64: =COUNTA(V4:V63) -> 0 | X64: =SUM(X4:X63) -> 0 | AF64: =COUNTA(AF4:AF63) -> 0 | AH64: =SUM(AH4:AH63) -> 0 | AP64: =COUNTA(AP4:AP63) -> 0 | AR64: =SUM(AR4:AR63) -> 0 | AZ64: =COUNTA(AZ4:AZ63) -> 0 | BB64: =SUM(BB4:BB63) -> 0 | BJ64: =COUNTA(BJ4:BJ63) -> 0 | BL64: =SUM(BL4:BL63) -> 0
B65: Total Bins of Date | D65: Total Weight of Date | L65: Total Bins of Date | N65: Total Weight of Date | V65: Total Bins of Date | X65: Total Weight of Date | AF65: Total Bins of Date | AH65: Total Weight of Date | AP65: Total Bins of Date | AR65: Total Weight of Date | AZ65: Total Bins of Date | BB65: Total Weight of Date | BJ65: Total Bins of Date | BL65: Total Weight of Date

Sheet Totals
A1: Totals Shreded | B1: Cases/Totes | C1: Weight
A2: 001-000133--Lite Block Totes 160/6 lb | B2: ='1-133'!G1 -> 0 | C2: ='1-133'!I1 -> 0
A3: 001-000169-Part Skim Block Totes 160/6 lb | B3: ='1-169'!G1 -> 0 | C3: ='1-169'!I1 -> 0
A4: 001-000195--Organic Block Totes 160/6 lb | B4: ='1-195'!G1 -> 0 | C4: ='1-195'!I1 -> 0
A5: 001-000229--Provolone Block Totes 160/6 lb | B5: ='1-229'!G1 -> 0 | C5: ='1-229'!I1 -> 0
A6: 001-000360-Red Fat Block Totes 160/6 lb | B6: ='1-360'!G1 -> 0 | C6: ='1-360'!I1 -> 0
A7: 001-000455-Nestle Org. Block Totes 160/6 lb | B7: ='1-455'!G1 -> 0 | C7: ='1-455'!I1 -> 0
A8: 001-000470-RbstFree PS Block Totes 160/6 lb | B8: ='1-470'!G1 -> 0 | C8: ='1-470'!I1 -> 0
A9: 001-000712--PS NN Block Totes 160/6 lb | B9: ='1-712'!G1 -> 0 | C9: ='1-712'!I1 -> 0
A10: 001-000525-RbstFree WM Block Totes 160/6 lb | B10: ='1-525'!G1 -> 0 | C10: ='1-525'!I1 -> 0
A11: 001-000528-Nuovo Rbstf PS Block Totes 160/6 lb | B11: ='1-528'!G1 -> 0 | C11: ='1-528'!I1 -> 0
A12: 001-000705--PS PZ Block Totes 160/6 lb | B12: ='1-705'!G1 -> 0 | C12: ='1-705'!I1 -> 0
A13: 008-000005-Part Skim Block Totes 96/20 lb | B13: ='PS Purchased'!G1 -> 0 | C13: ='PS Purchased'!I1 -> 0
A14: 008-000021--WM Block Totes 96/20 lb | B14: ='WM Purchased'!G1 -> 0 | C14: ='WM Purchased'!I1 -> 0
A15: 008-000001--Asiago Blocks 40 lb RW | B15: ='Asiago40#'!E1 -> 0 | C15: ='Asiago40#'!G1 -> 0
A16: 008-000002--Cheddar Blocks 40 lb RW | B16: ='Ched40#'!E1 -> 0 | C16: ='Ched40#'!G1 -> 0
A17: 008-000006--Parmesan Blocks 40 lb RW | B17: ='Parm40#'!E1 -> 0 | C17: ='Parm40#'!G1 -> 0
A18: 008-000010--White Cheddar Blocks 40 lb RW | B18: ='WhiteChed40#'!E1 -> 0 | C18: ='WhiteChed40#'!G1 -> 0
A19: 008-000022--Muenster Cases 6/6 lb | B19: =MuensterCS!G1 -> 0 | C19: =MuensterCS!I1 -> 0
A20: 008-000007--Provolone Cases 3/12 lb | B20: =ProvLogCS!G1 -> 0 | C20: =ProvLogCS!I1 -> 0
A21: 002-000035--All Scrap Totes RW | B21: ='All Scrap'!G1 -> 0 | C21: ='All Scrap'!I1 -> 0
A22: POWDER | B22: =Powder!G1 -> 0 | C22: =Powder!I1 -> 0
A23: REWORK | B23: =Rework!G1 -> 0 | C23: =Rework!I1 -> 0
A24: Totals | B24: =SUM(B2:B23) -> 0 | C24: =SUM(C2:C23) -> 0
A25: updated 12/05/24 AT
